0 verbose cli /usr/local/bin/node /usr/local/bin/npm
1 info using npm@10.9.3
2 info using node@v22.19.0
3 silly config load:file:/usr/local/lib/node_modules/npm/npmrc
4 silly config load:file:/Users/rajatsrivastava/Desktop/developer/VastuZone/vastuzone-frontend/.npmrc
5 silly config load:file:/Users/rajatsrivastava/.npmrc
6 silly config load:file:/usr/local/etc/npmrc
7 verbose title npm install @tanstack/react-query sonner
8 verbose argv "install" "@tanstack/react-query" "sonner" "--cache" ".npm-cache"
9 verbose logfile logs-max:10 dir:/Users/rajatsrivastava/Desktop/developer/VastuZone/vastuzone-frontend/.npm-cache/_logs/2026-04-22T10_58_11_343Z-
10 verbose logfile /Users/rajatsrivastava/Desktop/developer/VastuZone/vastuzone-frontend/.npm-cache/_logs/2026-04-22T10_58_11_343Z-debug-0.log
11 silly logfile done cleaning log files
12 silly packumentCache heap:4345298944 maxSize:1086324736 maxEntrySize:543162368
13 silly idealTree buildDeps
14 silly fetch manifest @tanstack/react-query@*
15 silly packumentCache full:https://registry.npmjs.org/@tanstack%2freact-query cache-miss
16 verbose shrinkwrap failed to load node_modules/.package-lock.json out of date, updated: node_modules
17 http fetch GET 200 https://registry.npmjs.org/npm 557ms
18 http fetch GET 200 https://registry.npmjs.org/@tanstack%2freact-query 527ms (cache miss)
19 silly packumentCache full:https://registry.npmjs.org/@tanstack%2freact-query set size:undefined disposed:false
20 silly fetch manifest react@^19.2.3
21 silly packumentCache full:https://registry.npmjs.org/react cache-miss
22 http fetch GET 200 https://registry.npmjs.org/react 1097ms (cache miss)
23 silly packumentCache full:https://registry.npmjs.org/react set size:undefined disposed:false
24 silly fetch manifest sonner@*
25 silly packumentCache full:https://registry.npmjs.org/sonner cache-miss
26 http fetch GET 200 https://registry.npmjs.org/sonner 73ms (cache miss)
27 silly packumentCache full:https://registry.npmjs.org/sonner set size:undefined disposed:false
28 silly fetch manifest react-dom@^19.2.3
29 silly packumentCache full:https://registry.npmjs.org/react-dom cache-miss
30 http fetch GET 200 https://registry.npmjs.org/react-dom 1205ms (cache miss)
31 silly packumentCache full:https://registry.npmjs.org/react-dom set size:undefined disposed:false
32 silly placeDep ROOT @tanstack/react-query@5.99.2 OK for: vastuzone-frontend@0.1.0 want: *
33 silly placeDep ROOT sonner@2.0.7 OK for: vastuzone-frontend@0.1.0 want: *
34 silly fetch manifest @tanstack/query-core@5.99.2
35 silly packumentCache full:https://registry.npmjs.org/@tanstack%2fquery-core cache-miss
36 http fetch GET 200 https://registry.npmjs.org/@tanstack%2fquery-core 230ms (cache miss)
37 silly packumentCache full:https://registry.npmjs.org/@tanstack%2fquery-core set size:undefined disposed:false
38 silly placeDep ROOT @tanstack/query-core@5.99.2 OK for: @tanstack/react-query@5.99.2 want: 5.99.2
39 silly reify moves {}
40 silly audit bulk request {
40 silly audit   '@adobe/css-tools': [ '4.4.4' ],
40 silly audit   '@alloc/quick-lru': [ '5.2.0' ],
40 silly audit   '@babel/code-frame': [ '7.27.1' ],
40 silly audit   '@babel/compat-data': [ '7.28.5' ],
40 silly audit   '@babel/core': [ '7.28.5' ],
40 silly audit   semver: [ '6.3.1', '7.7.3' ],
40 silly audit   '@babel/eslint-parser': [ '7.28.5' ],
40 silly audit   'eslint-visitor-keys': [ '2.1.0', '3.4.3' ],
40 silly audit   '@babel/generator': [ '7.28.5' ],
40 silly audit   '@babel/helper-annotate-as-pure': [ '7.27.3' ],
40 silly audit   '@babel/helper-compilation-targets': [ '7.27.2' ],
40 silly audit   '@babel/helper-create-class-features-plugin': [ '7.28.5' ],
40 silly audit   '@babel/helper-create-regexp-features-plugin': [ '7.28.5' ],
40 silly audit   '@babel/helper-define-polyfill-provider': [ '0.6.5' ],
40 silly audit   '@babel/helper-globals': [ '7.28.0' ],
40 silly audit   '@babel/helper-member-expression-to-functions': [ '7.28.5' ],
40 silly audit   '@babel/helper-module-imports': [ '7.27.1' ],
40 silly audit   '@babel/helper-module-transforms': [ '7.28.3' ],
40 silly audit   '@babel/helper-optimise-call-expression': [ '7.27.1' ],
40 silly audit   '@babel/helper-plugin-utils': [ '7.27.1' ],
40 silly audit   '@babel/helper-remap-async-to-generator': [ '7.27.1' ],
40 silly audit   '@babel/helper-replace-supers': [ '7.27.1' ],
40 silly audit   '@babel/helper-skip-transparent-expression-wrappers': [ '7.27.1' ],
40 silly audit   '@babel/helper-string-parser': [ '7.27.1' ],
40 silly audit   '@babel/helper-validator-identifier': [ '7.28.5' ],
40 silly audit   '@babel/helper-validator-option': [ '7.27.1' ],
40 silly audit   '@babel/helper-wrap-function': [ '7.28.3' ],
40 silly audit   '@babel/helpers': [ '7.28.4' ],
40 silly audit   '@babel/parser': [ '7.28.5' ],
40 silly audit   '@babel/plugin-bugfix-firefox-class-in-computed-class-key': [ '7.28.5' ],
40 silly audit   '@babel/plugin-bugfix-safari-class-field-initializer-scope': [ '7.27.1' ],
40 silly audit   '@babel/plugin-bugfix-safari-id-destructuring-collision-in-function-expression': [ '7.27.1' ],
40 silly audit   '@babel/plugin-bugfix-v8-spread-parameters-in-optional-chaining': [ '7.27.1' ],
40 silly audit   '@babel/plugin-bugfix-v8-static-class-fields-redefine-readonly': [ '7.28.3' ],
40 silly audit   '@babel/plugin-proposal-class-properties': [ '7.18.6' ],
40 silly audit   '@babel/plugin-proposal-decorators': [ '7.28.0' ],
40 silly audit   '@babel/plugin-proposal-nullish-coalescing-operator': [ '7.18.6' ],
40 silly audit   '@babel/plugin-proposal-numeric-separator': [ '7.18.6' ],
40 silly audit   '@babel/plugin-proposal-optional-chaining': [ '7.21.0' ],
40 silly audit   '@babel/plugin-proposal-private-methods': [ '7.18.6' ],
40 silly audit   '@babel/plugin-proposal-private-property-in-object': [ '7.21.0-placeholder-for-preset-env.2', '7.21.11' ],
40 silly audit   '@babel/plugin-syntax-async-generators': [ '7.8.4' ],
40 silly audit   '@babel/plugin-syntax-bigint': [ '7.8.3' ],
40 silly audit   '@babel/plugin-syntax-class-properties': [ '7.12.13' ],
40 silly audit   '@babel/plugin-syntax-class-static-block': [ '7.14.5' ],
40 silly audit   '@babel/plugin-syntax-decorators': [ '7.27.1' ],
40 silly audit   '@babel/plugin-syntax-flow': [ '7.27.1' ],
40 silly audit   '@babel/plugin-syntax-import-assertions': [ '7.27.1' ],
40 silly audit   '@babel/plugin-syntax-import-attributes': [ '7.27.1' ],
40 silly audit   '@babel/plugin-syntax-import-meta': [ '7.10.4' ],
40 silly audit   '@babel/plugin-syntax-json-strings': [ '7.8.3' ],
40 silly audit   '@babel/plugin-syntax-jsx': [ '7.27.1' ],
40 silly audit   '@babel/plugin-syntax-logical-assignment-operators': [ '7.10.4' ],
40 silly audit   '@babel/plugin-syntax-nullish-coalescing-operator': [ '7.8.3' ],
40 silly audit   '@babel/plugin-syntax-numeric-separator': [ '7.10.4' ],
40 silly audit   '@babel/plugin-syntax-object-rest-spread': [ '7.8.3' ],
40 silly audit   '@babel/plugin-syntax-optional-catch-binding': [ '7.8.3' ],
40 silly audit   '@babel/plugin-syntax-optional-chaining': [ '7.8.3' ],
40 silly audit   '@babel/plugin-syntax-private-property-in-object': [ '7.14.5' ],
40 silly audit   '@babel/plugin-syntax-top-level-await': [ '7.14.5' ],
40 silly audit   '@babel/plugin-syntax-typescript': [ '7.27.1' ],
40 silly audit   '@babel/plugin-syntax-unicode-sets-regex': [ '7.18.6' ],
40 silly audit   '@babel/plugin-transform-arrow-functions': [ '7.27.1' ],
40 silly audit   '@babel/plugin-transform-async-generator-functions': [ '7.28.0' ],
40 silly audit   '@babel/plugin-transform-async-to-generator': [ '7.27.1' ],
40 silly audit   '@babel/plugin-transform-block-scoped-functions': [ '7.27.1' ],
40 silly audit   '@babel/plugin-transform-block-scoping': [ '7.28.5' ],
40 silly audit   '@babel/plugin-transform-class-properties': [ '7.27.1' ],
40 silly audit   '@babel/plugin-transform-class-static-block': [ '7.28.3' ],
40 silly audit   '@babel/plugin-transform-classes': [ '7.28.4' ],
40 silly audit   '@babel/plugin-transform-computed-properties': [ '7.27.1' ],
40 silly audit   '@babel/plugin-transform-destructuring': [ '7.28.5' ],
40 silly audit   '@babel/plugin-transform-dotall-regex': [ '7.27.1' ],
40 silly audit   '@babel/plugin-transform-duplicate-keys': [ '7.27.1' ],
40 silly audit   '@babel/plugin-transform-duplicate-named-capturing-groups-regex': [ '7.27.1' ],
40 silly audit   '@babel/plugin-transform-dynamic-import': [ '7.27.1' ],
40 silly audit   '@babel/plugin-transform-explicit-resource-management': [ '7.28.0' ],
40 silly audit   '@babel/plugin-transform-exponentiation-operator': [ '7.28.5' ],
40 silly audit   '@babel/plugin-transform-export-namespace-from': [ '7.27.1' ],
40 silly audit   '@babel/plugin-transform-flow-strip-types': [ '7.27.1' ],
40 silly audit   '@babel/plugin-transform-for-of': [ '7.27.1' ],
40 silly audit   '@babel/plugin-transform-function-name': [ '7.27.1' ],
40 silly audit   '@babel/plugin-transform-json-strings': [ '7.27.1' ],
40 silly audit   '@babel/plugin-transform-literals': [ '7.27.1' ],
40 silly audit   '@babel/plugin-transform-logical-assignment-operators': [ '7.28.5' ],
40 silly audit   '@babel/plugin-transform-member-expression-literals': [ '7.27.1' ],
40 silly audit   '@babel/plugin-transform-modules-amd': [ '7.27.1' ],
40 silly audit   '@babel/plugin-transform-modules-commonjs': [ '7.27.1' ],
40 silly audit   '@babel/plugin-transform-modules-systemjs': [ '7.28.5' ],
40 silly audit   '@babel/plugin-transform-modules-umd': [ '7.27.1' ],
40 silly audit   '@babel/plugin-transform-named-capturing-groups-regex': [ '7.27.1' ],
40 silly audit   '@babel/plugin-transform-new-target': [ '7.27.1' ],
40 silly audit   '@babel/plugin-transform-nullish-coalescing-operator': [ '7.27.1' ],
40 silly audit   '@babel/plugin-transform-numeric-separator': [ '7.27.1' ],
40 silly audit   '@babel/plugin-transform-object-rest-spread': [ '7.28.4' ],
40 silly audit   '@babel/plugin-transform-object-super': [ '7.27.1' ],
40 silly audit   '@babel/plugin-transform-optional-catch-binding': [ '7.27.1' ],
40 silly audit   '@babel/plugin-transform-optional-chaining': [ '7.28.5' ],
40 silly audit   '@babel/plugin-transform-parameters': [ '7.27.7' ],
40 silly audit   '@babel/plugin-transform-private-methods': [ '7.27.1' ],
40 silly audit   '@babel/plugin-transform-private-property-in-object': [ '7.27.1' ],
40 silly audit   '@babel/plugin-transform-property-literals': [ '7.27.1' ],
40 silly audit   '@babel/plugin-transform-react-constant-elements': [ '7.27.1' ],
40 silly audit   '@babel/plugin-transform-react-display-name': [ '7.28.0' ],
40 silly audit   '@babel/plugin-transform-react-jsx': [ '7.27.1' ],
40 silly audit   '@babel/plugin-transform-react-jsx-development': [ '7.27.1' ],
40 silly audit   '@babel/plugin-transform-react-pure-annotations': [ '7.27.1' ],
40 silly audit   '@babel/plugin-transform-regenerator': [ '7.28.4' ],
40 silly audit   '@babel/plugin-transform-regexp-modifiers': [ '7.27.1' ],
40 silly audit   '@babel/plugin-transform-reserved-words': [ '7.27.1' ],
40 silly audit   '@babel/plugin-transform-runtime': [ '7.28.5' ],
40 silly audit   '@babel/plugin-transform-shorthand-properties': [ '7.27.1' ],
40 silly audit   '@babel/plugin-transform-spread': [ '7.27.1' ],
40 silly audit   '@babel/plugin-transform-sticky-regex': [ '7.27.1' ],
40 silly audit   '@babel/plugin-transform-template-literals': [ '7.27.1' ],
40 silly audit   '@babel/plugin-transform-typeof-symbol': [ '7.27.1' ],
40 silly audit   '@babel/plugin-transform-typescript': [ '7.28.5' ],
40 silly audit   '@babel/plugin-transform-unicode-escapes': [ '7.27.1' ],
40 silly audit   '@babel/plugin-transform-unicode-property-regex': [ '7.27.1' ],
40 silly audit   '@babel/plugin-transform-unicode-regex': [ '7.27.1' ],
40 silly audit   '@babel/plugin-transform-unicode-sets-regex': [ '7.27.1' ],
40 silly audit   '@babel/preset-env': [ '7.28.5' ],
40 silly audit   '@babel/preset-modules': [ '0.1.6-no-external-plugins' ],
40 silly audit   '@babel/preset-react': [ '7.28.5' ],
40 silly audit   '@babel/preset-typescript': [ '7.28.5' ],
40 silly audit   '@babel/runtime': [ '7.28.4' ],
40 silly audit   '@babel/template': [ '7.27.2' ],
40 silly audit   '@babel/traverse': [ '7.28.5' ],
40 silly audit   '@babel/types': [ '7.28.5' ],
40 silly audit   '@bcoe/v8-coverage': [ '0.2.3' ],
40 silly audit   '@csstools/normalize.css': [ '12.1.1' ],
40 silly audit   '@csstools/postcss-cascade-layers': [ '1.1.1' ],
40 silly audit   '@csstools/postcss-color-function': [ '1.1.1' ],
40 silly audit   '@csstools/postcss-font-format-keywords': [ '1.0.1' ],
40 silly audit   '@csstools/postcss-hwb-function': [ '1.0.2' ],
40 silly audit   '@csstools/postcss-ic-unit': [ '1.0.1' ],
40 silly audit   '@csstools/postcss-is-pseudo-class': [ '2.0.7' ],
40 silly audit   '@csstools/postcss-nested-calc': [ '1.0.0' ],
40 silly audit   '@csstools/postcss-normalize-display-values': [ '1.0.1' ],
40 silly audit   '@csstools/postcss-oklab-function': [ '1.1.1' ],
40 silly audit   '@csstools/postcss-progressive-custom-properties': [ '1.3.0' ],
40 silly audit   '@csstools/postcss-stepped-value-functions': [ '1.0.1' ],
40 silly audit   '@csstools/postcss-text-decoration-shorthand': [ '1.0.0' ],
40 silly audit   '@csstools/postcss-trigonometric-functions': [ '1.0.2' ],
40 silly audit   '@csstools/postcss-unset-value': [ '1.0.2' ],
40 silly audit   '@csstools/selector-specificity': [ '2.2.0' ],
40 silly audit   '@eslint-community/eslint-utils': [ '4.9.0' ],
40 silly audit   '@eslint-community/regexpp': [ '4.12.2' ],
40 silly audit   '@eslint/eslintrc': [ '2.1.4' ],
40 silly audit   argparse: [ '2.0.1', '1.0.10' ],
40 silly audit   'js-yaml': [ '4.1.1', '3.14.2' ],
40 silly audit   '@eslint/js': [ '8.57.1' ],
40 silly audit   '@firebase/ai': [ '2.6.0' ],
40 silly audit   '@firebase/analytics': [ '0.10.19' ],
40 silly audit   '@firebase/analytics-compat': [ '0.2.25' ],
40 silly audit   '@firebase/analytics-types': [ '0.8.3' ],
40 silly audit   '@firebase/app': [ '0.14.6' ],
40 silly audit   '@firebase/app-check': [ '0.11.0' ],
40 silly audit   '@firebase/app-check-compat': [ '0.4.0' ],
40 silly audit   '@firebase/app-check-interop-types': [ '0.3.3' ],
40 silly audit   '@firebase/app-check-types': [ '0.5.3' ],
40 silly audit   '@firebase/app-compat': [ '0.5.6' ],
40 silly audit   '@firebase/app-types': [ '0.9.3' ],
40 silly audit   '@firebase/auth': [ '1.11.1' ],
40 silly audit   '@firebase/auth-compat': [ '0.6.1' ],
40 silly audit   '@firebase/auth-interop-types': [ '0.2.4' ],
40 silly audit   '@firebase/auth-types': [ '0.13.0' ],
40 silly audit   '@firebase/component': [ '0.7.0' ],
40 silly audit   '@firebase/data-connect': [ '0.3.12' ],
40 silly audit   '@firebase/database': [ '1.1.0' ],
40 silly audit   '@firebase/database-compat': [ '2.1.0' ],
40 silly audit   '@firebase/database-types': [ '1.0.16' ],
40 silly audit   '@firebase/firestore': [ '4.9.2' ],
40 silly audit   '@firebase/firestore-compat': [ '0.4.2' ],
40 silly audit   '@firebase/firestore-types': [ '3.0.3' ],
40 silly audit   '@firebase/functions': [ '0.13.1' ],
40 silly audit   '@firebase/functions-compat': [ '0.4.1' ],
40 silly audit   '@firebase/functions-types': [ '0.6.3' ],
40 silly audit   '@firebase/installations': [ '0.6.19' ],
40 silly audit   '@firebase/installations-compat': [ '0.2.19' ],
40 silly audit   '@firebase/installations-types': [ '0.5.3' ],
40 silly audit   '@firebase/logger': [ '0.5.0' ],
40 silly audit   '@firebase/messaging': [ '0.12.23' ],
40 silly audit   '@firebase/messaging-compat': [ '0.2.23' ],
40 silly audit   '@firebase/messaging-interop-types': [ '0.2.3' ],
40 silly audit   '@firebase/performance': [ '0.7.9' ],
40 silly audit   '@firebase/performance-compat': [ '0.2.22' ],
40 silly audit   '@firebase/performance-types': [ '0.2.3' ],
40 silly audit   'web-vitals': [ '4.2.4', '2.1.4' ],
40 silly audit   '@firebase/remote-config': [ '0.7.0' ],
40 silly audit   '@firebase/remote-config-compat': [ '0.2.20' ],
40 silly audit   '@firebase/remote-config-types': [ '0.5.0' ],
40 silly audit   '@firebase/storage': [ '0.14.0' ],
40 silly audit   '@firebase/storage-compat': [ '0.4.0' ],
40 silly audit   '@firebase/storage-types': [ '0.8.3' ],
40 silly audit   '@firebase/util': [ '1.13.0' ],
40 silly audit   '@firebase/webchannel-wrapper': [ '1.0.5' ],
40 silly audit   '@grpc/grpc-js': [ '1.9.15' ],
40 silly audit   '@grpc/proto-loader': [ '0.7.15' ],
40 silly audit   cliui: [ '8.0.1', '7.0.4' ],
40 silly audit   yargs: [ '17.7.2', '16.2.0' ],
40 silly audit   'yargs-parser': [ '21.1.1', '20.2.9' ],
40 silly audit   '@humanwhocodes/config-array': [ '0.13.0' ],
40 silly audit   '@humanwhocodes/module-importer': [ '1.0.1' ],
40 silly audit   '@humanwhocodes/object-schema': [ '2.0.3' ],
40 silly audit   '@istanbuljs/load-nyc-config': [ '1.1.0' ],
40 silly audit   camelcase: [ '5.3.1', '6.3.0' ],
40 silly audit   '@istanbuljs/schema': [ '0.1.3' ],
40 silly audit   '@jest/console': [ '27.5.1', '28.1.3' ],
40 silly audit   '@jest/core': [ '27.5.1' ],
40 silly audit   '@jest/environment': [ '27.5.1' ],
40 silly audit   '@jest/fake-timers': [ '27.5.1' ],
40 silly audit   '@jest/globals': [ '27.5.1' ],
40 silly audit   '@jest/reporters': [ '27.5.1' ],
40 silly audit   'source-map': [ '0.6.1', '0.7.6', '0.8.0-beta.0' ],
40 silly audit   '@jest/schemas': [ '28.1.3' ],
40 silly audit   '@jest/source-map': [ '27.5.1' ],
40 silly audit   '@jest/test-result': [ '27.5.1', '28.1.3' ],
40 silly audit   '@jest/test-sequencer': [ '27.5.1' ],
40 silly audit   '@jest/transform': [ '27.5.1' ],
40 silly audit   'convert-source-map': [ '1.9.0', '2.0.0' ],
40 silly audit   '@jest/types': [ '27.5.1', '28.1.3' ],
40 silly audit   '@jridgewell/gen-mapping': [ '0.3.13' ],
40 silly audit   '@jridgewell/remapping': [ '2.3.5' ],
40 silly audit   '@jridgewell/resolve-uri': [ '3.1.2' ],
40 silly audit   '@jridgewell/source-map': [ '0.3.11' ],
40 silly audit   '@jridgewell/sourcemap-codec': [ '1.5.5' ],
40 silly audit   '@jridgewell/trace-mapping': [ '0.3.31' ],
40 silly audit   '@kurkle/color': [ '0.3.4' ],
40 silly audit   '@leichtgewicht/ip-codec': [ '2.0.5' ],
40 silly audit   '@nicolo-ribaudo/eslint-scope-5-internals': [ '5.1.1-v1' ],
40 silly audit   'eslint-scope': [ '5.1.1', '7.2.2' ],
40 silly audit   estraverse: [ '4.3.0', '5.3.0' ],
40 silly audit   '@nodelib/fs.scandir': [ '2.1.5' ],
40 silly audit   '@nodelib/fs.stat': [ '2.0.5' ],
40 silly audit   '@nodelib/fs.walk': [ '1.2.8' ],
40 silly audit   '@pmmmwh/react-refresh-webpack-plugin': [ '0.5.17' ],
40 silly audit   '@protobufjs/aspromise': [ '1.1.2' ],
40 silly audit   '@protobufjs/base64': [ '1.1.2' ],
40 silly audit   '@protobufjs/codegen': [ '2.0.4' ],
40 silly audit   '@protobufjs/eventemitter': [ '1.1.0' ],
40 silly audit   '@protobufjs/fetch': [ '1.1.0' ],
40 silly audit   '@protobufjs/float': [ '1.0.2' ],
40 silly audit   '@protobufjs/inquire': [ '1.1.0' ],
40 silly audit   '@protobufjs/path': [ '1.1.2' ],
40 silly audit   '@protobufjs/pool': [ '1.1.0' ],
40 silly audit   '@protobufjs/utf8': [ '1.1.0' ],
40 silly audit   '@rollup/plugin-babel': [ '5.3.1' ],
40 silly audit   '@rollup/plugin-node-resolve': [ '11.2.1' ],
40 silly audit   '@rollup/plugin-replace': [ '2.4.2' ],
40 silly audit   '@rollup/pluginutils': [ '3.1.0' ],
40 silly audit   '@types/estree': [ '0.0.39', '1.0.8' ],
40 silly audit   '@rtsao/scc': [ '1.1.0' ],
40 silly audit   '@rushstack/eslint-patch': [ '1.15.0' ],
40 silly audit   '@sinclair/typebox': [ '0.24.51' ],
40 silly audit   '@sinonjs/commons': [ '1.8.6' ],
40 silly audit   '@sinonjs/fake-timers': [ '8.1.0' ],
40 silly audit   '@socket.io/component-emitter': [ '3.1.2' ],
40 silly audit   '@surma/rollup-plugin-off-main-thread': [ '2.2.3' ],
40 silly audit   '@svgr/babel-plugin-add-jsx-attribute': [ '5.4.0' ],
40 silly audit   '@svgr/babel-plugin-remove-jsx-attribute': [ '5.4.0' ],
40 silly audit   '@svgr/babel-plugin-remove-jsx-empty-expression': [ '5.0.1' ],
40 silly audit   '@svgr/babel-plugin-replace-jsx-attribute-value': [ '5.0.1' ],
40 silly audit   '@svgr/babel-plugin-svg-dynamic-title': [ '5.4.0' ],
40 silly audit   '@svgr/babel-plugin-svg-em-dimensions': [ '5.4.0' ],
40 silly audit   '@svgr/babel-plugin-transform-react-native-svg': [ '5.4.0' ],
40 silly audit   '@svgr/babel-plugin-transform-svg-component': [ '5.5.0' ],
40 silly audit   '@svgr/babel-preset': [ '5.5.0' ],
40 silly audit   '@svgr/core': [ '5.5.0' ],
40 silly audit   '@svgr/hast-util-to-babel-ast': [ '5.5.0' ],
40 silly audit   '@svgr/plugin-jsx': [ '5.5.0' ],
40 silly audit   '@svgr/plugin-svgo': [ '5.5.0' ],
40 silly audit   '@svgr/webpack': [ '5.5.0' ],
40 silly audit   '@testing-library/dom': [ '10.4.1' ],
40 silly audit   'aria-query': [ '5.3.0', '5.3.2' ],
40 silly audit   '@testing-library/jest-dom': [ '6.9.1' ],
40 silly audit   'dom-accessibility-api': [ '0.6.3', '0.5.16' ],
40 silly audit   '@testing-library/react': [ '16.3.0' ],
40 silly audit   '@testing-library/user-event': [ '13.5.0' ],
40 silly audit   '@tootallnate/once': [ '1.1.2' ],
40 silly audit   '@trysound/sax': [ '0.2.0' ],
40 silly audit   '@types/aria-query': [ '5.0.4' ],
40 silly audit   '@types/babel__core': [ '7.20.5' ],
40 silly audit   '@types/babel__generator': [ '7.27.0' ],
40 silly audit   '@types/babel__template': [ '7.4.4' ],
40 silly audit   '@types/babel__traverse': [ '7.28.0' ],
40 silly audit   '@types/body-parser': [ '1.19.6' ],
40 silly audit   '@types/bonjour': [ '3.5.13' ],
40 silly audit   '@types/connect': [ '3.4.38' ],
40 silly audit   '@types/connect-history-api-fallback': [ '1.5.4' ],
40 silly audit   '@types/eslint': [ '8.56.12' ],
40 silly audit   '@types/eslint-scope': [ '3.7.7' ],
40 silly audit   '@types/express': [ '4.17.25' ],
40 silly audit   '@types/express-serve-static-core': [ '5.1.0', '4.19.7' ],
40 silly audit   '@types/graceful-fs': [ '4.1.9' ],
40 silly audit   '@types/html-minifier-terser': [ '6.1.0' ],
40 silly audit   '@types/http-errors': [ '2.0.5' ],
40 silly audit   '@types/http-proxy': [ '1.17.17' ],
40 silly audit   '@types/istanbul-lib-coverage': [ '2.0.6' ],
40 silly audit   '@types/istanbul-lib-report': [ '3.0.3' ],
40 silly audit   '@types/istanbul-reports': [ '3.0.4' ],
40 silly audit   '@types/json-schema': [ '7.0.15' ],
40 silly audit   '@types/json5': [ '0.0.29' ],
40 silly audit   '@types/mime': [ '1.3.5' ],
40 silly audit   '@types/node': [ '25.0.2' ],
40 silly audit   '@types/node-forge': [ '1.3.14' ],
40 silly audit   '@types/parse-json': [ '4.0.2' ],
40 silly audit   '@types/prettier': [ '2.7.3' ],
40 silly audit   '@types/q': [ '1.5.8' ],
40 silly audit   '@types/qs': [ '6.14.0' ],
40 silly audit   '@types/range-parser': [ '1.2.7' ],
40 silly audit   '@types/resolve': [ '1.17.1' ],
40 silly audit   '@types/retry': [ '0.12.0' ],
40 silly audit   '@types/semver': [ '7.7.1' ],
40 silly audit   '@types/send': [ '1.2.1', '0.17.6' ],
40 silly audit   '@types/serve-index': [ '1.9.4' ],
40 silly audit   '@types/serve-static': [ '1.15.10' ],
40 silly audit   '@types/sockjs': [ '0.3.36' ],
40 silly audit   '@types/stack-utils': [ '2.0.3' ],
40 silly audit   '@types/trusted-types': [ '2.0.7' ],
40 silly audit   '@types/ws': [ '8.18.1' ],
40 silly audit   '@types/yargs': [ '16.0.11', '17.0.35' ],
40 silly audit   '@types/yargs-parser': [ '21.0.3' ],
40 silly audit   '@typescript-eslint/eslint-plugin': [ '5.62.0' ],
40 silly audit   '@typescript-eslint/experimental-utils': [ '5.62.0' ],
40 silly audit   '@typescript-eslint/parser': [ '5.62.0' ],
40 silly audit   '@typescript-eslint/scope-manager': [ '5.62.0' ],
40 silly audit   '@typescript-eslint/type-utils': [ '5.62.0' ],
40 silly audit   '@typescript-eslint/types': [ '5.62.0' ],
40 silly audit   '@typescript-eslint/typescript-estree': [ '5.62.0' ],
40 silly audit   '@typescript-eslint/utils': [ '5.62.0' ],
40 silly audit   '@typescript-eslint/visitor-keys': [ '5.62.0' ],
40 silly audit   '@ungap/structured-clone': [ '1.3.0' ],
40 silly audit   '@webassemblyjs/ast': [ '1.14.1' ],
40 silly audit   '@webassemblyjs/floating-point-hex-parser': [ '1.13.2' ],
40 silly audit   '@webassemblyjs/helper-api-error': [ '1.13.2' ],
40 silly audit   '@webassemblyjs/helper-buffer': [ '1.14.1' ],
40 silly audit   '@webassemblyjs/helper-numbers': [ '1.13.2' ],
40 silly audit   '@webassemblyjs/helper-wasm-bytecode': [ '1.13.2' ],
40 silly audit   '@webassemblyjs/helper-wasm-section': [ '1.14.1' ],
40 silly audit   '@webassemblyjs/ieee754': [ '1.13.2' ],
40 silly audit   '@webassemblyjs/leb128': [ '1.13.2' ],
40 silly audit   '@webassemblyjs/utf8': [ '1.13.2' ],
40 silly audit   '@webassemblyjs/wasm-edit': [ '1.14.1' ],
40 silly audit   '@webassemblyjs/wasm-gen': [ '1.14.1' ],
40 silly audit   '@webassemblyjs/wasm-opt': [ '1.14.1' ],
40 silly audit   '@webassemblyjs/wasm-parser': [ '1.14.1' ],
40 silly audit   '@webassemblyjs/wast-printer': [ '1.14.1' ],
40 silly audit   '@xtuc/ieee754': [ '1.2.0' ],
40 silly audit   '@xtuc/long': [ '4.2.2' ],
40 silly audit   abab: [ '2.0.6' ],
40 silly audit   accepts: [ '1.3.8' ],
40 silly audit   negotiator: [ '0.6.3', '0.6.4' ],
40 silly audit   acorn: [ '8.15.0', '7.4.1' ],
40 silly audit   'acorn-globals': [ '6.0.0' ],
40 silly audit   'acorn-import-phases': [ '1.0.4' ],
40 silly audit   'acorn-jsx': [ '5.3.2' ],
40 silly audit   'acorn-walk': [ '7.2.0' ],
40 silly audit   address: [ '1.2.2' ],
40 silly audit   'adjust-sourcemap-loader': [ '4.0.0' ],
40 silly audit   'agent-base': [ '6.0.2' ],
40 silly audit   ajv: [ '6.12.6', '8.17.1' ],
40 silly audit   'ajv-formats': [ '2.1.1' ],
40 silly audit   'json-schema-traverse': [ '1.0.0', '0.4.1' ],
40 silly audit   'ajv-keywords': [ '3.5.2', '5.1.0' ],
40 silly audit   'ansi-escapes': [ '4.3.2' ],
40 silly audit   'type-fest': [ '0.21.3', '0.16.0', '0.20.2' ],
40 silly audit   'ansi-html': [ '0.0.9' ],
40 silly audit   'ansi-html-community': [ '0.0.8' ],
40 silly audit   'ansi-regex': [ '5.0.1', '6.2.2' ],
40 silly audit   'ansi-styles': [ '4.3.0', '3.2.1', '5.2.0' ],
40 silly audit   'any-promise': [ '1.3.0' ],
40 silly audit   anymatch: [ '3.1.3' ],
40 silly audit   arg: [ '5.0.2' ],
40 silly audit   'array-buffer-byte-length': [ '1.0.2' ],
40 silly audit   'array-flatten': [ '1.1.1' ],
40 silly audit   'array-includes': [ '3.1.9' ],
40 silly audit   'array-union': [ '2.1.0' ],
40 silly audit   'array.prototype.findlast': [ '1.2.5' ],
40 silly audit   'array.prototype.findlastindex': [ '1.2.6' ],
40 silly audit   'array.prototype.flat': [ '1.3.3' ],
40 silly audit   'array.prototype.flatmap': [ '1.3.3' ],
40 silly audit   'array.prototype.reduce': [ '1.0.8' ],
40 silly audit   'array.prototype.tosorted': [ '1.1.4' ],
40 silly audit   'arraybuffer.prototype.slice': [ '1.0.4' ],
40 silly audit   asap: [ '2.0.6' ],
40 silly audit   'ast-types-flow': [ '0.0.8' ],
40 silly audit   async: [ '3.2.6' ],
40 silly audit   'async-function': [ '1.0.0' ],
40 silly audit   asynckit: [ '0.4.0' ],
40 silly audit   'at-least-node': [ '1.0.0' ],
40 silly audit   autoprefixer: [ '10.4.22' ],
40 silly audit   'available-typed-arrays': [ '1.0.7' ],
40 silly audit   'axe-core': [ '4.11.0' ],
40 silly audit   'axobject-query': [ '4.1.0' ],
40 silly audit   'babel-jest': [ '27.5.1' ],
40 silly audit   'babel-loader': [ '8.4.1' ],
40 silly audit   'schema-utils': [ '2.7.1', '3.3.0', '2.7.0', '4.3.3' ],
40 silly audit   'babel-plugin-istanbul': [ '6.1.1' ],
40 silly audit   'babel-plugin-jest-hoist': [ '27.5.1' ],
40 silly audit   'babel-plugin-macros': [ '3.1.0' ],
40 silly audit   'babel-plugin-named-asset-import': [ '0.3.8' ],
40 silly audit   'babel-plugin-polyfill-corejs2': [ '0.4.14' ],
40 silly audit   'babel-plugin-polyfill-corejs3': [ '0.13.0' ],
40 silly audit   'babel-plugin-polyfill-regenerator': [ '0.6.5' ],
40 silly audit   'babel-plugin-transform-react-remove-prop-types': [ '0.4.24' ],
40 silly audit   'babel-preset-current-node-syntax': [ '1.2.0' ],
40 silly audit   'babel-preset-jest': [ '27.5.1' ],
40 silly audit   'babel-preset-react-app': [ '10.1.0' ],
40 silly audit   'balanced-match': [ '1.0.2' ],
40 silly audit   'baseline-browser-mapping': [ '2.9.7' ],
40 silly audit   batch: [ '0.6.1' ],
40 silly audit   bfj: [ '7.1.0' ],
40 silly audit   'big.js': [ '5.2.2' ],
40 silly audit   'binary-extensions': [ '2.3.0' ],
40 silly audit   bluebird: [ '3.7.2' ],
40 silly audit   'body-parser': [ '1.20.4' ],
40 silly audit   debug: [ '2.6.9', '4.4.3', '3.2.7' ],
40 silly audit   'iconv-lite': [ '0.4.24', '0.6.3' ],
40 silly audit   ms: [ '2.0.0', '2.1.3' ],
40 silly audit   'bonjour-service': [ '1.3.0' ],
40 silly audit   boolbase: [ '1.0.0' ],
40 silly audit   'brace-expansion': [ '1.1.12', '2.0.2' ],
40 silly audit   braces: [ '3.0.3' ],
40 silly audit   'browser-process-hrtime': [ '1.0.0' ],
40 silly audit   browserslist: [ '4.28.1' ],
40 silly audit   bser: [ '2.1.1' ],
40 silly audit   'buffer-from': [ '1.1.2' ],
40 silly audit   'builtin-modules': [ '3.3.0' ],
40 silly audit   bytes: [ '3.1.2' ],
40 silly audit   'call-bind': [ '1.0.8' ],
40 silly audit   'call-bind-apply-helpers': [ '1.0.2' ],
40 silly audit   'call-bound': [ '1.0.4' ],
40 silly audit   callsites: [ '3.1.0' ],
40 silly audit   'camel-case': [ '4.1.2' ],
40 silly audit   'camelcase-css': [ '2.0.1' ],
40 silly audit   'caniuse-api': [ '3.0.0' ],
40 silly audit   'caniuse-lite': [ '1.0.30001760' ],
40 silly audit   'case-sensitive-paths-webpack-plugin': [ '2.4.0' ],
40 silly audit   chalk: [ '4.1.2', '2.4.2' ],
40 silly audit   'char-regex': [ '1.0.2', '2.0.2' ],
40 silly audit   'chart.js': [ '4.5.1' ],
40 silly audit   'check-types': [ '11.2.3' ],
40 silly audit   chokidar: [ '3.6.0' ],
40 silly audit   'glob-parent': [ '5.1.2', '6.0.2' ],
40 silly audit   'chrome-trace-event': [ '1.0.4' ],
40 silly audit   'ci-info': [ '3.9.0' ],
40 silly audit   'cjs-module-lexer': [ '1.4.3' ],
40 silly audit   'clean-css': [ '5.3.3' ],
40 silly audit   co: [ '4.6.0' ],
40 silly audit   coa: [ '2.0.2' ],
40 silly audit   'color-convert': [ '1.9.3', '2.0.1' ],
40 silly audit   'color-name': [ '1.1.3', '1.1.4' ],
40 silly audit   'escape-string-regexp': [ '1.0.5', '4.0.0', '2.0.0' ],
40 silly audit   'has-flag': [ '3.0.0', '4.0.0' ],
40 silly audit   'supports-color': [ '5.5.0', '8.1.1', '7.2.0' ],
40 silly audit   'collect-v8-coverage': [ '1.0.3' ],
40 silly audit   colord: [ '2.9.3' ],
40 silly audit   colorette: [ '2.0.20' ],
40 silly audit   'combined-stream': [ '1.0.8' ],
40 silly audit   commander: [ '8.3.0', '7.2.0', '4.1.1', '2.20.3' ],
40 silly audit   'common-tags': [ '1.8.2' ],
40 silly audit   commondir: [ '1.0.1' ],
40 silly audit   compressible: [ '2.0.18' ],
40 silly audit   compression: [ '1.8.1' ],
40 silly audit   'concat-map': [ '0.0.1' ],
40 silly audit   'confusing-browser-globals': [ '1.0.11' ],
40 silly audit   'connect-history-api-fallback': [ '2.0.0' ],
40 silly audit   'content-disposition': [ '0.5.4' ],
40 silly audit   'content-type': [ '1.0.5' ],
40 silly audit   cookie: [ '0.7.2', '1.1.1' ],
40 silly audit   'cookie-signature': [ '1.0.7' ],
40 silly audit   'core-js': [ '3.47.0' ],
40 silly audit   'core-js-compat': [ '3.47.0' ],
40 silly audit   'core-js-pure': [ '3.47.0' ],
40 silly audit   'core-util-is': [ '1.0.3' ],
40 silly audit   cosmiconfig: [ '7.1.0', '6.0.0' ],
40 silly audit   'cross-spawn': [ '7.0.6' ],
40 silly audit   'crypto-random-string': [ '2.0.0' ],
40 silly audit   'css-blank-pseudo': [ '3.0.3' ],
40 silly audit   'css-declaration-sorter': [ '6.4.1' ],
40 silly audit   'css-has-pseudo': [ '3.0.4' ],
40 silly audit   'css-loader': [ '6.11.0' ],
40 silly audit   'css-minimizer-webpack-plugin': [ '3.4.1' ],
40 silly audit   'css-prefers-color-scheme': [ '6.0.3' ],
40 silly audit   'css-select': [ '4.3.0', '2.1.0' ],
40 silly audit   'css-select-base-adapter': [ '0.1.1' ],
40 silly audit   'css-tree': [ '1.0.0-alpha.37', '1.1.3' ],
40 silly audit   'css-what': [ '6.2.2', '3.4.2' ],
40 silly audit   'css.escape': [ '1.5.1' ],
40 silly audit   cssdb: [ '7.11.2' ],
40 silly audit   cssesc: [ '3.0.0' ],
40 silly audit   cssnano: [ '5.1.15' ],
40 silly audit   'cssnano-preset-default': [ '5.2.14' ],
40 silly audit   'cssnano-utils': [ '3.1.0' ],
40 silly audit   csso: [ '4.2.0' ],
40 silly audit   'mdn-data': [ '2.0.14', '2.0.4' ],
40 silly audit   cssom: [ '0.4.4', '0.3.8' ],
40 silly audit   cssstyle: [ '2.3.0' ],
40 silly audit   'damerau-levenshtein': [ '1.0.8' ],
40 silly audit   'data-urls': [ '2.0.0' ],
40 silly audit   'data-view-buffer': [ '1.0.2' ],
40 silly audit   'data-view-byte-length': [ '1.0.2' ],
40 silly audit   'data-view-byte-offset': [ '1.0.1' ],
40 silly audit   'decimal.js': [ '10.6.0' ],
40 silly audit   dedent: [ '0.7.0' ],
40 silly audit   'deep-is': [ '0.1.4' ],
40 silly audit   deepmerge: [ '4.3.1' ],
40 silly audit   'default-gateway': [ '6.0.3' ],
40 silly audit   'define-data-property': [ '1.1.4' ],
40 silly audit   'define-lazy-prop': [ '2.0.0' ],
40 silly audit   'define-properties': [ '1.2.1' ],
40 silly audit   'delayed-stream': [ '1.0.0' ],
40 silly audit   depd: [ '2.0.0', '1.1.2' ],
40 silly audit   dequal: [ '2.0.3' ],
40 silly audit   destroy: [ '1.2.0' ],
40 silly audit   'detect-newline': [ '3.1.0' ],
40 silly audit   'detect-node': [ '2.1.0' ],
40 silly audit   'detect-port-alt': [ '1.1.6' ],
40 silly audit   didyoumean: [ '1.2.2' ],
40 silly audit   'diff-sequences': [ '27.5.1' ],
40 silly audit   'dir-glob': [ '3.0.1' ],
40 silly audit   dlv: [ '1.1.3' ],
40 silly audit   'dns-packet': [ '5.6.1' ],
40 silly audit   doctrine: [ '3.0.0', '2.1.0' ],
40 silly audit   'dom-converter': [ '0.2.0' ],
40 silly audit   'dom-serializer': [ '1.4.1', '0.2.2' ],
40 silly audit   domelementtype: [ '2.3.0', '1.3.1' ],
40 silly audit   domexception: [ '2.0.1' ],
40 silly audit   'webidl-conversions': [ '5.0.0', '6.1.0', '4.0.2' ],
40 silly audit   domhandler: [ '4.3.1' ],
40 silly audit   domutils: [ '2.8.0', '1.7.0' ],
40 silly audit   'dot-case': [ '3.0.4' ],
40 silly audit   dotenv: [ '10.0.0' ],
40 silly audit   'dotenv-expand': [ '5.1.0' ],
40 silly audit   'dunder-proto': [ '1.0.1' ],
40 silly audit   duplexer: [ '0.1.2' ],
40 silly audit   'ee-first': [ '1.1.1' ],
40 silly audit   ejs: [ '3.1.10' ],
40 silly audit   'electron-to-chromium': [ '1.5.267' ],
40 silly audit   emittery: [ '0.8.1', '0.10.2' ],
40 silly audit   'emoji-regex': [ '9.2.2', '8.0.0' ],
40 silly audit   'emojis-list': [ '3.0.0' ],
40 silly audit   encodeurl: [ '2.0.0', '1.0.2' ],
40 silly audit   'engine.io-client': [ '6.6.4' ],
40 silly audit   ws: [ '8.18.3', '7.5.10' ],
40 silly audit   'engine.io-parser': [ '5.2.3' ],
40 silly audit   'enhanced-resolve': [ '5.18.4' ],
40 silly audit   entities: [ '2.2.0' ],
40 silly audit   'error-ex': [ '1.3.4' ],
40 silly audit   'error-stack-parser': [ '2.1.4' ],
40 silly audit   'es-abstract': [ '1.24.1' ],
40 silly audit   'es-array-method-boxes-properly': [ '1.0.0' ],
40 silly audit   'es-define-property': [ '1.0.1' ],
40 silly audit   'es-errors': [ '1.3.0' ],
40 silly audit   'es-iterator-helpers': [ '1.2.2' ],
40 silly audit   'es-module-lexer': [ '1.7.0' ],
40 silly audit   'es-object-atoms': [ '1.1.1' ],
40 silly audit   'es-set-tostringtag': [ '2.1.0' ],
40 silly audit   'es-shim-unscopables': [ '1.1.0' ],
40 silly audit   'es-to-primitive': [ '1.3.0' ],
40 silly audit   escalade: [ '3.2.0' ],
40 silly audit   'escape-html': [ '1.0.3' ],
40 silly audit   escodegen: [ '2.1.0', '1.14.3' ],
40 silly audit   eslint: [ '8.57.1' ],
40 silly audit   'eslint-config-react-app': [ '7.0.1' ],
40 silly audit   'eslint-import-resolver-node': [ '0.3.9' ],
40 silly audit   'eslint-module-utils': [ '2.12.1' ],
40 silly audit   'eslint-plugin-flowtype': [ '8.0.3' ],
40 silly audit   'eslint-plugin-import': [ '2.32.0' ],
40 silly audit   'eslint-plugin-jest': [ '25.7.0' ],
40 silly audit   'eslint-plugin-jsx-a11y': [ '6.10.2' ],
40 silly audit   'eslint-plugin-react': [ '7.37.5' ],
40 silly audit   'eslint-plugin-react-hooks': [ '4.6.2' ],
40 silly audit   resolve: [ '2.0.0-next.5', '1.22.11' ],
40 silly audit   'eslint-plugin-testing-library': [ '5.11.1' ],
40 silly audit   'eslint-webpack-plugin': [ '3.2.0' ],
40 silly audit   'jest-worker': [ '28.1.3', '27.5.1', '26.6.2' ],
40 silly audit   'find-up': [ '5.0.0', '4.1.0', '3.0.0' ],
40 silly audit   'locate-path': [ '6.0.0', '5.0.0', '3.0.0' ],
40 silly audit   'p-limit': [ '3.1.0', '2.3.0' ],
40 silly audit   'p-locate': [ '5.0.0', '4.1.0', '3.0.0' ],
40 silly audit   espree: [ '9.6.1' ],
40 silly audit   esprima: [ '4.0.1', '1.2.2' ],
40 silly audit   esquery: [ '1.6.0' ],
40 silly audit   esrecurse: [ '4.3.0' ],
40 silly audit   'estree-walker': [ '1.0.1' ],
40 silly audit   esutils: [ '2.0.3' ],
40 silly audit   etag: [ '1.8.1' ],
40 silly audit   eventemitter3: [ '4.0.7' ],
40 silly audit   events: [ '3.3.0' ],
40 silly audit   execa: [ '5.1.1' ],
40 silly audit   exit: [ '0.1.2' ],
40 silly audit   expect: [ '27.5.1' ],
40 silly audit   express: [ '4.22.1' ],
40 silly audit   'fast-deep-equal': [ '3.1.3' ],
40 silly audit   'fast-glob': [ '3.3.3' ],
40 silly audit   'fast-json-stable-stringify': [ '2.1.0' ],
40 silly audit   'fast-levenshtein': [ '2.0.6' ],
40 silly audit   'fast-uri': [ '3.1.0' ],
40 silly audit   fastq: [ '1.19.1' ],
40 silly audit   'faye-websocket': [ '0.11.4' ],
40 silly audit   'fb-watchman': [ '2.0.2' ],
40 silly audit   'file-entry-cache': [ '6.0.1' ],
40 silly audit   'file-loader': [ '6.2.0' ],
40 silly audit   filelist: [ '1.0.4' ],
40 silly audit   minimatch: [ '5.1.6', '3.1.2' ],
40 silly audit   filesize: [ '8.0.7' ],
40 silly audit   'fill-range': [ '7.1.1' ],
40 silly audit   finalhandler: [ '1.3.2' ],
40 silly audit   'find-cache-dir': [ '3.3.2' ],
40 silly audit   firebase: [ '12.6.0' ],
40 silly audit   'flat-cache': [ '3.2.0' ],
40 silly audit   flatted: [ '3.3.3' ],
40 silly audit   'follow-redirects': [ '1.15.11' ],
40 silly audit   'for-each': [ '0.3.5' ],
40 silly audit   'fork-ts-checker-webpack-plugin': [ '6.5.3' ],
40 silly audit   'fs-extra': [ '9.1.0', '10.1.0' ],
40 silly audit   tapable: [ '1.1.3', '2.3.0' ],
40 silly audit   'form-data': [ '3.0.4' ],
40 silly audit   forwarded: [ '0.2.0' ],
40 silly audit   'fraction.js': [ '5.3.4' ],
40 silly audit   fresh: [ '0.5.2' ],
40 silly audit   'fs-monkey': [ '1.1.0' ],
40 silly audit   'fs.realpath': [ '1.0.0' ],
40 silly audit   fsevents: [ '2.3.3' ],
40 silly audit   'function-bind': [ '1.1.2' ],
40 silly audit   'function.prototype.name': [ '1.1.8' ],
40 silly audit   'functions-have-names': [ '1.2.3' ],
40 silly audit   'generator-function': [ '2.0.1' ],
40 silly audit   gensync: [ '1.0.0-beta.2' ],
40 silly audit   'get-caller-file': [ '2.0.5' ],
40 silly audit   'get-intrinsic': [ '1.3.0' ],
40 silly audit   'get-own-enumerable-property-symbols': [ '3.0.2' ],
40 silly audit   'get-package-type': [ '0.1.0' ],
40 silly audit   'get-proto': [ '1.0.1' ],
40 silly audit   'get-stream': [ '6.0.1' ],
40 silly audit   'get-symbol-description': [ '1.1.0' ],
40 silly audit   glob: [ '7.2.3' ],
40 silly audit   'glob-to-regexp': [ '0.4.1' ],
40 silly audit   'global-modules': [ '2.0.0' ],
40 silly audit   'global-prefix': [ '3.0.0' ],
40 silly audit   which: [ '1.3.1', '2.0.2' ],
40 silly audit   globals: [ '13.24.0' ],
40 silly audit   globalthis: [ '1.0.4' ],
40 silly audit   globby: [ '11.1.0' ],
40 silly audit   gopd: [ '1.2.0' ],
40 silly audit   'graceful-fs': [ '4.2.11' ],
40 silly audit   graphemer: [ '1.4.0' ],
40 silly audit   'gzip-size': [ '6.0.0' ],
40 silly audit   'handle-thing': [ '2.0.1' ],
40 silly audit   'harmony-reflect': [ '1.6.2' ],
40 silly audit   'has-bigints': [ '1.1.0' ],
40 silly audit   'has-property-descriptors': [ '1.0.2' ],
40 silly audit   'has-proto': [ '1.2.0' ],
40 silly audit   'has-symbols': [ '1.1.0' ],
40 silly audit   'has-tostringtag': [ '1.0.2' ],
40 silly audit   hasown: [ '2.0.2' ],
40 silly audit   he: [ '1.2.0' ],
40 silly audit   hoopy: [ '0.1.4' ],
40 silly audit   'hpack.js': [ '2.1.6' ],
40 silly audit   isarray: [ '1.0.0', '2.0.5' ],
40 silly audit   'readable-stream': [ '2.3.8', '3.6.2' ],
40 silly audit   'safe-buffer': [ '5.1.2', '5.2.1' ],
40 silly audit   string_decoder: [ '1.1.1', '1.3.0' ],
40 silly audit   'html-encoding-sniffer': [ '2.0.1' ],
40 silly audit   'html-entities': [ '2.6.0' ],
40 silly audit   'html-escaper': [ '2.0.2' ],
40 silly audit   'html-minifier-terser': [ '6.1.0' ],
40 silly audit   'html-webpack-plugin': [ '5.6.5' ],
40 silly audit   htmlparser2: [ '6.1.0' ],
40 silly audit   'http-deceiver': [ '1.2.7' ],
40 silly audit   'http-errors': [ '2.0.1', '2.0.0', '1.6.3' ],
40 silly audit   'http-parser-js': [ '0.5.10' ],
40 silly audit   'http-proxy': [ '1.18.1' ],
40 silly audit   'http-proxy-agent': [ '4.0.1' ],
40 silly audit   'http-proxy-middleware': [ '2.0.9' ],
40 silly audit   'https-proxy-agent': [ '5.0.1' ],
40 silly audit   'human-signals': [ '2.1.0' ],
40 silly audit   'icss-utils': [ '5.1.0' ],
40 silly audit   idb: [ '7.1.1' ],
40 silly audit   'identity-obj-proxy': [ '3.0.0' ],
40 silly audit   ignore: [ '5.3.2' ],
40 silly audit   immer: [ '9.0.21' ],
40 silly audit   'import-fresh': [ '3.3.1' ],
40 silly audit   'resolve-from': [ '4.0.0', '5.0.0' ],
40 silly audit   'import-local': [ '3.2.0' ],
40 silly audit   imurmurhash: [ '0.1.4' ],
40 silly audit   'indent-string': [ '4.0.0' ],
40 silly audit   inflight: [ '1.0.6' ],
40 silly audit   inherits: [ '2.0.4', '2.0.3' ],
40 silly audit   ini: [ '1.3.8' ],
40 silly audit   'internal-slot': [ '1.1.0' ],
40 silly audit   'ipaddr.js': [ '2.3.0', '1.9.1' ],
40 silly audit   'is-array-buffer': [ '3.0.5' ],
40 silly audit   'is-arrayish': [ '0.2.1' ],
40 silly audit   'is-async-function': [ '2.1.1' ],
40 silly audit   'is-bigint': [ '1.1.0' ],
40 silly audit   'is-binary-path': [ '2.1.0' ],
40 silly audit   'is-boolean-object': [ '1.2.2' ],
40 silly audit   'is-callable': [ '1.2.7' ],
40 silly audit   'is-core-module': [ '2.16.1' ],
40 silly audit   'is-data-view': [ '1.0.2' ],
40 silly audit   'is-date-object': [ '1.1.0' ],
40 silly audit   'is-docker': [ '2.2.1' ],
40 silly audit   'is-extglob': [ '2.1.1' ],
40 silly audit   'is-finalizationregistry': [ '1.1.1' ],
40 silly audit   'is-fullwidth-code-point': [ '3.0.0' ],
40 silly audit   'is-generator-fn': [ '2.1.0' ],
40 silly audit   'is-generator-function': [ '1.1.2' ],
40 silly audit   'is-glob': [ '4.0.3' ],
40 silly audit   'is-map': [ '2.0.3' ],
40 silly audit   'is-module': [ '1.0.0' ],
40 silly audit   'is-negative-zero': [ '2.0.3' ],
40 silly audit   'is-number': [ '7.0.0' ],
40 silly audit   'is-number-object': [ '1.1.1' ],
40 silly audit   'is-obj': [ '1.0.1' ],
40 silly audit   'is-path-inside': [ '3.0.3' ],
40 silly audit   'is-plain-obj': [ '3.0.0' ],
40 silly audit   'is-potential-custom-element-name': [ '1.0.1' ],
40 silly audit   'is-regex': [ '1.2.1' ],
40 silly audit   'is-regexp': [ '1.0.0' ],
40 silly audit   'is-root': [ '2.1.0' ],
40 silly audit   'is-set': [ '2.0.3' ],
40 silly audit   'is-shared-array-buffer': [ '1.0.4' ],
40 silly audit   'is-stream': [ '2.0.1' ],
40 silly audit   'is-string': [ '1.1.1' ],
40 silly audit   'is-symbol': [ '1.1.1' ],
40 silly audit   'is-typed-array': [ '1.1.15' ],
40 silly audit   'is-typedarray': [ '1.0.0' ],
40 silly audit   'is-weakmap': [ '2.0.2' ],
40 silly audit   'is-weakref': [ '1.1.1' ],
40 silly audit   'is-weakset': [ '2.0.4' ],
40 silly audit   'is-wsl': [ '2.2.0' ],
40 silly audit   isexe: [ '2.0.0' ],
40 silly audit   'istanbul-lib-coverage': [ '3.2.2' ],
40 silly audit   'istanbul-lib-instrument': [ '5.2.1' ],
40 silly audit   'istanbul-lib-report': [ '3.0.1' ],
40 silly audit   'make-dir': [ '4.0.0', '3.1.0' ],
40 silly audit   'istanbul-lib-source-maps': [ '4.0.1' ],
40 silly audit   'istanbul-reports': [ '3.2.0' ],
40 silly audit   'iterator.prototype': [ '1.1.5' ],
40 silly audit   jake: [ '10.9.4' ],
40 silly audit   jest: [ '27.5.1' ],
40 silly audit   'jest-changed-files': [ '27.5.1' ],
40 silly audit   'jest-circus': [ '27.5.1' ],
40 silly audit   'jest-cli': [ '27.5.1' ],
40 silly audit   'jest-config': [ '27.5.1' ],
40 silly audit   'jest-diff': [ '27.5.1' ],
40 silly audit   'jest-docblock': [ '27.5.1' ],
40 silly audit   'jest-each': [ '27.5.1' ],
40 silly audit   'jest-environment-jsdom': [ '27.5.1' ],
40 silly audit   'jest-environment-node': [ '27.5.1' ],
40 silly audit   'jest-get-type': [ '27.5.1' ],
40 silly audit   'jest-haste-map': [ '27.5.1' ],
40 silly audit   'jest-jasmine2': [ '27.5.1' ],
40 silly audit   'jest-leak-detector': [ '27.5.1' ],
40 silly audit   'jest-matcher-utils': [ '27.5.1' ],
40 silly audit   'jest-message-util': [ '27.5.1', '28.1.3' ],
40 silly audit   'jest-mock': [ '27.5.1' ],
40 silly audit   'jest-pnp-resolver': [ '1.2.3' ],
40 silly audit   'jest-regex-util': [ '27.5.1', '28.0.2' ],
40 silly audit   'jest-resolve': [ '27.5.1' ],
40 silly audit   'jest-resolve-dependencies': [ '27.5.1' ],
40 silly audit   'jest-runner': [ '27.5.1' ],
40 silly audit   'jest-runtime': [ '27.5.1' ],
40 silly audit   'jest-serializer': [ '27.5.1' ],
40 silly audit   'jest-snapshot': [ '27.5.1' ],
40 silly audit   'jest-util': [ '27.5.1', '28.1.3' ],
40 silly audit   'jest-validate': [ '27.5.1' ],
40 silly audit   'jest-watch-typeahead': [ '1.1.0' ],
40 silly audit   slash: [ '3.0.0', '4.0.0' ],
40 silly audit   'jest-watcher': [ '28.1.3', '27.5.1' ],
40 silly audit   'string-length': [ '4.0.2', '5.0.1' ],
40 silly audit   'strip-ansi': [ '6.0.1', '7.1.2' ],
40 silly audit   'pretty-format': [ '28.1.3', '27.5.1' ],
40 silly audit   'react-is': [ '18.3.1', '16.13.1', '17.0.2' ],
40 silly audit   jiti: [ '1.21.7' ],
40 silly audit   'js-tokens': [ '4.0.0' ],
40 silly audit   jsdom: [ '16.7.0' ],
40 silly audit   jsesc: [ '3.1.0' ],
40 silly audit   'json-buffer': [ '3.0.1' ],
40 silly audit   'json-parse-even-better-errors': [ '2.3.1' ],
40 silly audit   'json-schema': [ '0.4.0' ],
40 silly audit   'json-stable-stringify-without-jsonify': [ '1.0.1' ],
40 silly audit   json5: [ '2.2.3', '1.0.2' ],
40 silly audit   jsonfile: [ '6.2.0' ],
40 silly audit   jsonpath: [ '1.1.1' ],
40 silly audit   jsonpointer: [ '5.0.1' ],
40 silly audit   'jsx-ast-utils': [ '3.3.5' ],
40 silly audit   keyv: [ '4.5.4' ],
40 silly audit   'kind-of': [ '6.0.3' ],
40 silly audit   kleur: [ '3.0.3' ],
40 silly audit   klona: [ '2.0.6' ],
40 silly audit   'language-subtag-registry': [ '0.3.23' ],
40 silly audit   'language-tags': [ '1.0.9' ],
40 silly audit   'launch-editor': [ '2.12.0' ],
40 silly audit   leven: [ '3.1.0' ],
40 silly audit   levn: [ '0.4.1', '0.3.0' ],
40 silly audit   lilconfig: [ '2.1.0', '3.1.3' ],
40 silly audit   'lines-and-columns': [ '1.2.4' ],
40 silly audit   'loader-runner': [ '4.3.1' ],
40 silly audit   'loader-utils': [ '2.0.4', '3.3.1' ],
40 silly audit   lodash: [ '4.17.21' ],
40 silly audit   'lodash.camelcase': [ '4.3.0' ],
40 silly audit   'lodash.debounce': [ '4.0.8' ],
40 silly audit   'lodash.memoize': [ '4.1.2' ],
40 silly audit   'lodash.merge': [ '4.6.2' ],
40 silly audit   'lodash.sortby': [ '4.7.0' ],
40 silly audit   'lodash.uniq': [ '4.5.0' ],
40 silly audit   long: [ '5.3.2' ],
40 silly audit   'loose-envify': [ '1.4.0' ],
40 silly audit   'lower-case': [ '2.0.2' ],
40 silly audit   'lru-cache': [ '5.1.1' ],
40 silly audit   'lucide-react': [ '1.8.0' ],
40 silly audit   'lz-string': [ '1.5.0' ],
40 silly audit   'magic-string': [ '0.25.9' ],
40 silly audit   makeerror: [ '1.0.12' ],
40 silly audit   'math-intrinsics': [ '1.1.0' ],
40 silly audit   'media-typer': [ '0.3.0' ],
40 silly audit   memfs: [ '3.5.3' ],
40 silly audit   'merge-descriptors': [ '1.0.3' ],
40 silly audit   'merge-stream': [ '2.0.0' ],
40 silly audit   merge2: [ '1.4.1' ],
40 silly audit   methods: [ '1.1.2' ],
40 silly audit   micromatch: [ '4.0.8' ],
40 silly audit   mime: [ '1.6.0' ],
40 silly audit   'mime-db': [ '1.52.0' ],
40 silly audit   'mime-types': [ '2.1.35' ],
40 silly audit   'mimic-fn': [ '2.1.0' ],
40 silly audit   'min-indent': [ '1.0.1' ],
40 silly audit   'mini-css-extract-plugin': [ '2.9.4' ],
40 silly audit   'minimalistic-assert': [ '1.0.1' ],
40 silly audit   minimist: [ '1.2.8' ],
40 silly audit   mkdirp: [ '0.5.6' ],
40 silly audit   'multicast-dns': [ '7.2.5' ],
40 silly audit   mz: [ '2.7.0' ],
40 silly audit   nanoid: [ '3.3.11' ],
40 silly audit   'natural-compare': [ '1.4.0' ],
40 silly audit   'natural-compare-lite': [ '1.4.0' ],
40 silly audit   'neo-async': [ '2.6.2' ],
40 silly audit   'no-case': [ '3.0.4' ],
40 silly audit   'node-forge': [ '1.3.3' ],
40 silly audit   'node-int64': [ '0.4.0' ],
40 silly audit   'node-releases': [ '2.0.27' ],
40 silly audit   'normalize-path': [ '3.0.0' ],
40 silly audit   'normalize-range': [ '0.1.2' ],
40 silly audit   'normalize-url': [ '6.1.0' ],
40 silly audit   'npm-run-path': [ '4.0.1' ],
40 silly audit   'nth-check': [ '2.1.1', '1.0.2' ],
40 silly audit   nwsapi: [ '2.2.23' ],
40 silly audit   'object-assign': [ '4.1.1' ],
40 silly audit   'object-hash': [ '3.0.0' ],
40 silly audit   'object-inspect': [ '1.13.4' ],
40 silly audit   'object-keys': [ '1.1.1' ],
40 silly audit   'object.assign': [ '4.1.7' ],
40 silly audit   'object.entries': [ '1.1.9' ],
40 silly audit   'object.fromentries': [ '2.0.8' ],
40 silly audit   'object.getownpropertydescriptors': [ '2.1.9' ],
40 silly audit   'object.groupby': [ '1.0.3' ],
40 silly audit   'object.values': [ '1.2.1' ],
40 silly audit   obuf: [ '1.1.2' ],
40 silly audit   'on-finished': [ '2.4.1' ],
40 silly audit   'on-headers': [ '1.1.0' ],
40 silly audit   once: [ '1.4.0' ],
40 silly audit   onetime: [ '5.1.2' ],
40 silly audit   open: [ '8.4.2' ],
40 silly audit   optionator: [ '0.9.4', '0.8.3' ],
40 silly audit   'own-keys': [ '1.0.1' ],
40 silly audit   'p-retry': [ '4.6.2' ],
40 silly audit   'p-try': [ '2.2.0' ],
40 silly audit   'param-case': [ '3.0.4' ],
40 silly audit   'parent-module': [ '1.0.1' ],
40 silly audit   'parse-json': [ '5.2.0' ],
40 silly audit   parse5: [ '6.0.1' ],
40 silly audit   parseurl: [ '1.3.3' ],
40 silly audit   'pascal-case': [ '3.1.2' ],
40 silly audit   'path-exists': [ '4.0.0', '3.0.0' ],
40 silly audit   'path-is-absolute': [ '1.0.1' ],
40 silly audit   'path-key': [ '3.1.1' ],
40 silly audit   'path-parse': [ '1.0.7' ],
40 silly audit   'path-to-regexp': [ '0.1.12' ],
40 silly audit   'path-type': [ '4.0.0' ],
40 silly audit   'performance-now': [ '2.1.0' ],
40 silly audit   picocolors: [ '1.1.1', '0.2.1' ],
40 silly audit   picomatch: [ '2.3.1', '4.0.3' ],
40 silly audit   pify: [ '2.3.0' ],
40 silly audit   pirates: [ '4.0.7' ],
40 silly audit   'pkg-dir': [ '4.2.0' ],
40 silly audit   'pkg-up': [ '3.1.0' ],
40 silly audit   'possible-typed-array-names': [ '1.1.0' ],
40 silly audit   postcss: [ '8.5.6', '7.0.39' ],
40 silly audit   'postcss-attribute-case-insensitive': [ '5.0.2' ],
40 silly audit   'postcss-browser-comments': [ '4.0.0' ],
40 silly audit   'postcss-calc': [ '8.2.4' ],
40 silly audit   'postcss-clamp': [ '4.1.0' ],
40 silly audit   'postcss-color-functional-notation': [ '4.2.4' ],
40 silly audit   'postcss-color-hex-alpha': [ '8.0.4' ],
40 silly audit   'postcss-color-rebeccapurple': [ '7.1.1' ],
40 silly audit   'postcss-colormin': [ '5.3.1' ],
40 silly audit   'postcss-convert-values': [ '5.1.3' ],
40 silly audit   'postcss-custom-media': [ '8.0.2' ],
40 silly audit   'postcss-custom-properties': [ '12.1.11' ],
40 silly audit   'postcss-custom-selectors': [ '6.0.3' ],
40 silly audit   'postcss-dir-pseudo-class': [ '6.0.5' ],
40 silly audit   'postcss-discard-comments': [ '5.1.2' ],
40 silly audit   'postcss-discard-duplicates': [ '5.1.0' ],
40 silly audit   'postcss-discard-empty': [ '5.1.1' ],
40 silly audit   'postcss-discard-overridden': [ '5.1.0' ],
40 silly audit   'postcss-double-position-gradients': [ '3.1.2' ],
40 silly audit   'postcss-env-function': [ '4.0.6' ],
40 silly audit   'postcss-flexbugs-fixes': [ '5.0.2' ],
40 silly audit   'postcss-focus-visible': [ '6.0.4' ],
40 silly audit   'postcss-focus-within': [ '5.0.4' ],
40 silly audit   'postcss-font-variant': [ '5.0.0' ],
40 silly audit   'postcss-gap-properties': [ '3.0.5' ],
40 silly audit   'postcss-image-set-function': [ '4.0.7' ],
40 silly audit   'postcss-import': [ '15.1.0' ],
40 silly audit   'postcss-initial': [ '4.0.1' ],
40 silly audit   'postcss-js': [ '4.1.0' ],
40 silly audit   'postcss-lab-function': [ '4.2.1' ],
40 silly audit   'postcss-loader': [ '6.2.1' ],
40 silly audit   'postcss-logical': [ '5.0.4' ],
40 silly audit   'postcss-media-minmax': [ '5.0.0' ],
40 silly audit   'postcss-merge-longhand': [ '5.1.7' ],
40 silly audit   'postcss-merge-rules': [ '5.1.4' ],
40 silly audit   'postcss-minify-font-values': [ '5.1.0' ],
40 silly audit   'postcss-minify-gradients': [ '5.1.1' ],
40 silly audit   'postcss-minify-params': [ '5.1.4' ],
40 silly audit   'postcss-minify-selectors': [ '5.2.1' ],
40 silly audit   'postcss-modules-extract-imports': [ '3.1.0' ],
40 silly audit   'postcss-modules-local-by-default': [ '4.2.0' ],
40 silly audit   'postcss-selector-parser': [ '7.1.1', '6.1.2' ],
40 silly audit   'postcss-modules-scope': [ '3.2.1' ],
40 silly audit   'postcss-modules-values': [ '4.0.0' ],
40 silly audit   'postcss-nested': [ '6.2.0' ],
40 silly audit   'postcss-nesting': [ '10.2.0' ],
40 silly audit   'postcss-normalize': [ '10.0.1' ],
40 silly audit   'postcss-normalize-charset': [ '5.1.0' ],
40 silly audit   'postcss-normalize-display-values': [ '5.1.0' ],
40 silly audit   'postcss-normalize-positions': [ '5.1.1' ],
40 silly audit   'postcss-normalize-repeat-style': [ '5.1.1' ],
40 silly audit   'postcss-normalize-string': [ '5.1.0' ],
40 silly audit   'postcss-normalize-timing-functions': [ '5.1.0' ],
40 silly audit   'postcss-normalize-unicode': [ '5.1.1' ],
40 silly audit   'postcss-normalize-url': [ '5.1.0' ],
40 silly audit   'postcss-normalize-whitespace': [ '5.1.1' ],
40 silly audit   'postcss-opacity-percentage': [ '1.1.3' ],
40 silly audit   'postcss-ordered-values': [ '5.1.3' ],
40 silly audit   'postcss-overflow-shorthand': [ '3.0.4' ],
40 silly audit   'postcss-page-break': [ '3.0.4' ],
40 silly audit   'postcss-place': [ '7.0.5' ],
40 silly audit   'postcss-preset-env': [ '7.8.3' ],
40 silly audit   'postcss-pseudo-class-any-link': [ '7.1.6' ],
40 silly audit   'postcss-reduce-initial': [ '5.1.2' ],
40 silly audit   'postcss-reduce-transforms': [ '5.1.0' ],
40 silly audit   'postcss-replace-overflow-wrap': [ '4.0.0' ],
40 silly audit   'postcss-selector-not': [ '6.0.1' ],
40 silly audit   'postcss-svgo': [ '5.1.0' ],
40 silly audit   svgo: [ '2.8.0', '1.3.2' ],
40 silly audit   'postcss-unique-selectors': [ '5.1.1' ],
40 silly audit   'postcss-value-parser': [ '4.2.0' ],
40 silly audit   'prelude-ls': [ '1.2.1', '1.1.2' ],
40 silly audit   'pretty-bytes': [ '5.6.0' ],
40 silly audit   'pretty-error': [ '4.0.0' ],
40 silly audit   'process-nextick-args': [ '2.0.1' ],
40 silly audit   promise: [ '8.3.0' ],
40 silly audit   prompts: [ '2.4.2' ],
40 silly audit   'prop-types': [ '15.8.1' ],
40 silly audit   protobufjs: [ '7.5.4' ],
40 silly audit   'proxy-addr': [ '2.0.7' ],
40 silly audit   psl: [ '1.15.0' ],
40 silly audit   punycode: [ '2.3.1' ],
40 silly audit   q: [ '1.5.1' ],
40 silly audit   qs: [ '6.14.0' ],
40 silly audit   querystringify: [ '2.2.0' ],
40 silly audit   'queue-microtask': [ '1.2.3' ],
40 silly audit   raf: [ '3.4.1' ],
40 silly audit   randombytes: [ '2.1.0' ],
40 silly audit   'range-parser': [ '1.2.1' ],
40 silly audit   'raw-body': [ '2.5.3' ],
40 silly audit   react: [ '19.2.3' ],
40 silly audit   'react-app-polyfill': [ '3.0.0' ],
40 silly audit   'react-chartjs-2': [ '5.3.1' ],
40 silly audit   'react-dev-utils': [ '12.0.1' ],
40 silly audit   'react-dom': [ '19.2.3' ],
40 silly audit   'react-error-overlay': [ '6.1.0' ],
40 silly audit   'react-refresh': [ '0.11.0' ],
40 silly audit   'react-router': [ '7.10.1' ],
40 silly audit   'react-router-dom': [ '7.10.1' ],
40 silly audit   'react-scripts': [ '5.0.1' ],
40 silly audit   'read-cache': [ '1.0.0' ],
40 silly audit   readdirp: [ '3.6.0' ],
40 silly audit   'recursive-readdir': [ '2.2.3' ],
40 silly audit   redent: [ '3.0.0' ],
40 silly audit   'reflect.getprototypeof': [ '1.0.10' ],
40 silly audit   regenerate: [ '1.4.2' ],
40 silly audit   'regenerate-unicode-properties': [ '10.2.2' ],
40 silly audit   'regenerator-runtime': [ '0.13.11' ],
40 silly audit   'regex-parser': [ '2.3.1' ],
40 silly audit   'regexp.prototype.flags': [ '1.5.4' ],
40 silly audit   'regexpu-core': [ '6.4.0' ],
40 silly audit   regjsgen: [ '0.8.0' ],
40 silly audit   regjsparser: [ '0.13.0' ],
40 silly audit   relateurl: [ '0.2.7' ],
40 silly audit   renderkid: [ '3.0.0' ],
40 silly audit   'require-directory': [ '2.1.1' ],
40 silly audit   'require-from-string': [ '2.0.2' ],
40 silly audit   'requires-port': [ '1.0.0' ],
40 silly audit   'resolve-cwd': [ '3.0.0' ],
40 silly audit   'resolve-url-loader': [ '4.0.0' ],
40 silly audit   'resolve.exports': [ '1.1.1' ],
40 silly audit   retry: [ '0.13.1' ],
40 silly audit   reusify: [ '1.1.0' ],
40 silly audit   rimraf: [ '3.0.2' ],
40 silly audit   rollup: [ '2.79.2' ],
40 silly audit   'rollup-plugin-terser': [ '7.0.2' ],
40 silly audit   'serialize-javascript': [ '4.0.0', '6.0.2' ],
40 silly audit   'run-parallel': [ '1.2.0' ],
40 silly audit   'safe-array-concat': [ '1.1.3' ],
40 silly audit   'safe-push-apply': [ '1.0.0' ],
40 silly audit   'safe-regex-test': [ '1.1.0' ],
40 silly audit   'safer-buffer': [ '2.1.2' ],
40 silly audit   'sanitize.css': [ '13.0.0' ],
40 silly audit   'sass-loader': [ '12.6.0' ],
40 silly audit   sax: [ '1.2.4' ],
40 silly audit   saxes: [ '5.0.1' ],
40 silly audit   scheduler: [ '0.27.0' ],
40 silly audit   'select-hose': [ '2.0.0' ],
40 silly audit   selfsigned: [ '2.4.1' ],
40 silly audit   send: [ '0.19.1', '0.19.0' ],
40 silly audit   statuses: [ '2.0.1', '1.5.0', '2.0.2' ],
40 silly audit   'serve-index': [ '1.9.1' ],
40 silly audit   setprototypeof: [ '1.1.0', '1.2.0' ],
40 silly audit   'serve-static': [ '1.16.2' ],
40 silly audit   'set-cookie-parser': [ '2.7.2' ],
40 silly audit   'set-function-length': [ '1.2.2' ],
40 silly audit   'set-function-name': [ '2.0.2' ],
40 silly audit   'set-proto': [ '1.0.0' ],
40 silly audit   'shebang-command': [ '2.0.0' ],
40 silly audit   'shebang-regex': [ '3.0.0' ],
40 silly audit   'shell-quote': [ '1.8.3' ],
40 silly audit   'side-channel': [ '1.1.0' ],
40 silly audit   'side-channel-list': [ '1.0.0' ],
40 silly audit   'side-channel-map': [ '1.0.1' ],
40 silly audit   'side-channel-weakmap': [ '1.0.2' ],
40 silly audit   'signal-exit': [ '3.0.7' ],
40 silly audit   sisteransi: [ '1.0.5' ],
40 silly audit   'socket.io-client': [ '4.8.3' ],
40 silly audit   'socket.io-parser': [ '4.2.5' ],
40 silly audit   sockjs: [ '0.3.24' ],
40 silly audit   'source-list-map': [ '2.0.1' ],
40 silly audit   'source-map-js': [ '1.2.1' ],
40 silly audit   'source-map-loader': [ '3.0.2' ],
40 silly audit   'source-map-support': [ '0.5.21' ],
40 silly audit   'sourcemap-codec': [ '1.4.8' ],
40 silly audit   spdy: [ '4.0.2' ],
40 silly audit   'spdy-transport': [ '3.0.0' ],
40 silly audit   'sprintf-js': [ '1.0.3' ],
40 silly audit   stable: [ '0.1.8' ],
40 silly audit   'stack-utils': [ '2.0.6' ],
40 silly audit   stackframe: [ '1.3.4' ],
40 silly audit   'static-eval': [ '2.0.2' ],
40 silly audit   'type-check': [ '0.3.2', '0.4.0' ],
40 silly audit   'stop-iteration-iterator': [ '1.1.0' ],
40 silly audit   'string-natural-compare': [ '3.0.1' ],
40 silly audit   'string-width': [ '4.2.3' ],
40 silly audit   'string.prototype.includes': [ '2.0.1' ],
40 silly audit   'string.prototype.matchall': [ '4.0.12' ],
40 silly audit   'string.prototype.repeat': [ '1.0.0' ],
40 silly audit   'string.prototype.trim': [ '1.2.10' ],
40 silly audit   'string.prototype.trimend': [ '1.0.9' ],
40 silly audit   'string.prototype.trimstart': [ '1.0.8' ],
40 silly audit   'stringify-object': [ '3.3.0' ],
40 silly audit   'strip-bom': [ '4.0.0', '3.0.0' ],
40 silly audit   'strip-comments': [ '2.0.1' ],
40 silly audit   'strip-final-newline': [ '2.0.0' ],
40 silly audit   'strip-indent': [ '3.0.0' ],
40 silly audit   'strip-json-comments': [ '3.1.1' ],
40 silly audit   'style-loader': [ '3.3.4' ],
40 silly audit   stylehacks: [ '5.1.1' ],
40 silly audit   sucrase: [ '3.35.1' ],
40 silly audit   'supports-hyperlinks': [ '2.3.0' ],
40 silly audit   'supports-preserve-symlinks-flag': [ '1.0.0' ],
40 silly audit   'svg-parser': [ '2.0.4' ],
40 silly audit   'symbol-tree': [ '3.2.4' ],
40 silly audit   tailwindcss: [ '3.4.19' ],
40 silly audit   'postcss-load-config': [ '6.0.1' ],
40 silly audit   yaml: [ '2.8.2', '1.10.2' ],
40 silly audit   'temp-dir': [ '2.0.0' ],
40 silly audit   tempy: [ '0.6.0' ],
40 silly audit   'terminal-link': [ '2.1.1' ],
40 silly audit   terser: [ '5.44.1' ],
40 silly audit   'terser-webpack-plugin': [ '5.3.16' ],
40 silly audit   'test-exclude': [ '6.0.0' ],
40 silly audit   'text-table': [ '0.2.0' ],
40 silly audit   thenify: [ '3.3.1' ],
40 silly audit   'thenify-all': [ '1.6.0' ],
40 silly audit   throat: [ '6.0.2' ],
40 silly audit   thunky: [ '1.1.0' ],
40 silly audit   tinyglobby: [ '0.2.15' ],
40 silly audit   fdir: [ '6.5.0' ],
40 silly audit   tmpl: [ '1.0.5' ],
40 silly audit   'to-regex-range': [ '5.0.1' ],
40 silly audit   toidentifier: [ '1.0.1' ],
40 silly audit   'tough-cookie': [ '4.1.4' ],
40 silly audit   universalify: [ '0.2.0', '2.0.1' ],
40 silly audit   tr46: [ '2.1.0', '1.0.1' ],
40 silly audit   tryer: [ '1.0.1' ],
40 silly audit   'ts-interface-checker': [ '0.1.13' ],
40 silly audit   'tsconfig-paths': [ '3.15.0' ],
40 silly audit   tslib: [ '2.8.1', '1.14.1' ],
40 silly audit   tsutils: [ '3.21.0' ],
40 silly audit   'type-detect': [ '4.0.8' ],
40 silly audit   'type-is': [ '1.6.18' ],
40 silly audit   'typed-array-buffer': [ '1.0.3' ],
40 silly audit   'typed-array-byte-length': [ '1.0.3' ],
40 silly audit   'typed-array-byte-offset': [ '1.0.4' ],
40 silly audit   'typed-array-length': [ '1.0.7' ],
40 silly audit   'typedarray-to-buffer': [ '3.1.5' ],
40 silly audit   typescript: [ '4.9.5' ],
40 silly audit   'unbox-primitive': [ '1.1.0' ],
40 silly audit   underscore: [ '1.12.1' ],
40 silly audit   'undici-types': [ '7.16.0' ],
40 silly audit   'unicode-canonical-property-names-ecmascript': [ '2.0.1' ],
40 silly audit   'unicode-match-property-ecmascript': [ '2.0.0' ],
40 silly audit   'unicode-match-property-value-ecmascript': [ '2.2.1' ],
40 silly audit   'unicode-property-aliases-ecmascript': [ '2.2.0' ],
40 silly audit   'unique-string': [ '2.0.0' ],
40 silly audit   unpipe: [ '1.0.0' ],
40 silly audit   unquote: [ '1.1.1' ],
40 silly audit   upath: [ '1.2.0' ],
40 silly audit   'update-browserslist-db': [ '1.2.2' ],
40 silly audit   'uri-js': [ '4.4.1' ],
40 silly audit   'url-parse': [ '1.5.10' ],
40 silly audit   'util-deprecate': [ '1.0.2' ],
40 silly audit   'util.promisify': [ '1.0.1' ],
40 silly audit   utila: [ '0.4.0' ],
40 silly audit   'utils-merge': [ '1.0.1' ],
40 silly audit   uuid: [ '8.3.2' ],
40 silly audit   'v8-to-istanbul': [ '8.1.1' ],
40 silly audit   vary: [ '1.1.2' ],
40 silly audit   'w3c-hr-time': [ '1.0.2' ],
40 silly audit   'w3c-xmlserializer': [ '2.0.0' ],
40 silly audit   walker: [ '1.0.8' ],
40 silly audit   watchpack: [ '2.4.4' ],
40 silly audit   wbuf: [ '1.7.3' ],
40 silly audit   webpack: [ '5.103.0' ],
40 silly audit   'webpack-dev-middleware': [ '5.3.4' ],
40 silly audit   'webpack-dev-server': [ '4.15.2' ],
40 silly audit   'webpack-manifest-plugin': [ '4.1.1' ],
40 silly audit   'webpack-sources': [ '2.3.1', '3.3.3', '1.4.3' ],
40 silly audit   'websocket-driver': [ '0.7.4' ],
40 silly audit   'websocket-extensions': [ '0.1.4' ],
40 silly audit   'whatwg-encoding': [ '1.0.5' ],
40 silly audit   'whatwg-fetch': [ '3.6.20' ],
40 silly audit   'whatwg-mimetype': [ '2.3.0' ],
40 silly audit   'whatwg-url': [ '8.7.0', '7.1.0' ],
40 silly audit   'which-boxed-primitive': [ '1.1.1' ],
40 silly audit   'which-builtin-type': [ '1.2.1' ],
40 silly audit   'which-collection': [ '1.0.2' ],
40 silly audit   'which-typed-array': [ '1.1.19' ],
40 silly audit   'word-wrap': [ '1.2.5' ],
40 silly audit   'workbox-background-sync': [ '6.6.0' ],
40 silly audit   'workbox-broadcast-update': [ '6.6.0' ],
40 silly audit   'workbox-build': [ '6.6.0' ],
40 silly audit   '@apideck/better-ajv-errors': [ '0.3.6' ],
40 silly audit   'workbox-cacheable-response': [ '6.6.0' ],
40 silly audit   'workbox-core': [ '6.6.0' ],
40 silly audit   'workbox-expiration': [ '6.6.0' ],
40 silly audit   'workbox-google-analytics': [ '6.6.0' ],
40 silly audit   'workbox-navigation-preload': [ '6.6.0' ],
40 silly audit   'workbox-precaching': [ '6.6.0' ],
40 silly audit   'workbox-range-requests': [ '6.6.0' ],
40 silly audit   'workbox-recipes': [ '6.6.0' ],
40 silly audit   'workbox-routing': [ '6.6.0' ],
40 silly audit   'workbox-strategies': [ '6.6.0' ],
40 silly audit   'workbox-streams': [ '6.6.0' ],
40 silly audit   'workbox-sw': [ '6.6.0' ],
40 silly audit   'workbox-webpack-plugin': [ '6.6.0' ],
40 silly audit   'workbox-window': [ '6.6.0' ],
40 silly audit   'wrap-ansi': [ '7.0.0' ],
40 silly audit   wrappy: [ '1.0.2' ],
40 silly audit   'write-file-atomic': [ '3.0.3' ],
40 silly audit   'xml-name-validator': [ '3.0.0' ],
40 silly audit   xmlchars: [ '2.2.0' ],
40 silly audit   'xmlhttprequest-ssl': [ '2.1.2' ],
40 silly audit   y18n: [ '5.0.8' ],
40 silly audit   yallist: [ '3.1.1' ],
40 silly audit   'yocto-queue': [ '0.1.0' ],
40 silly audit   '@tanstack/react-query': [ '5.99.2' ],
40 silly audit   sonner: [ '2.0.7' ],
40 silly audit   '@tanstack/query-core': [ '5.99.2' ]
40 silly audit }
41 http cache sonner@https://registry.npmjs.org/sonner/-/sonner-2.0.7.tgz 0ms (cache hit)
42 http cache @tanstack/query-core@https://registry.npmjs.org/@tanstack/query-core/-/query-core-5.99.2.tgz 0ms (cache hit)
43 http cache @tanstack/react-query@https://registry.npmjs.org/@tanstack/react-query/-/react-query-5.99.2.tgz 0ms (cache hit)
44 silly tarball no local data for sonner@https://registry.npmjs.org/sonner/-/sonner-2.0.7.tgz. Extracting by manifest.
45 silly tarball no local data for @tanstack/query-core@https://registry.npmjs.org/@tanstack/query-core/-/query-core-5.99.2.tgz. Extracting by manifest.
46 silly tarball no local data for @tanstack/react-query@https://registry.npmjs.org/@tanstack/react-query/-/react-query-5.99.2.tgz. Extracting by manifest.
47 http fetch GET 200 https://registry.npmjs.org/sonner/-/sonner-2.0.7.tgz 79ms (cache miss)
48 http fetch GET 200 https://registry.npmjs.org/@tanstack/react-query/-/react-query-5.99.2.tgz 234ms (cache miss)
49 http fetch POST 200 https://registry.npmjs.org/-/npm/v1/security/advisories/bulk 304ms
50 silly audit report {
50 silly audit report   '@tootallnate/once': [
50 silly audit report     {
50 silly audit report       id: 1113977,
50 silly audit report       url: 'https://github.com/advisories/GHSA-vpq2-c234-7xj6',
50 silly audit report       title: '@tootallnate/once vulnerable to Incorrect Control Flow Scoping',
50 silly audit report       severity: 'low',
50 silly audit report       vulnerable_versions: '<3.0.1',
50 silly audit report       cwe: [Array],
50 silly audit report       cvss: [Object]
50 silly audit report     }
50 silly audit report   ],
50 silly audit report   ajv: [
50 silly audit report     {
50 silly audit report       id: 1113714,
50 silly audit report       url: 'https://github.com/advisories/GHSA-2g4f-4pwh-qvx6',
50 silly audit report       title: 'ajv has ReDoS when using `$data` option',
50 silly audit report       severity: 'moderate',
50 silly audit report       vulnerable_versions: '<6.14.0',
50 silly audit report       cwe: [Array],
50 silly audit report       cvss: [Object]
50 silly audit report     },
50 silly audit report     {
50 silly audit report       id: 1113715,
50 silly audit report       url: 'https://github.com/advisories/GHSA-2g4f-4pwh-qvx6',
50 silly audit report       title: 'ajv has ReDoS when using `$data` option',
50 silly audit report       severity: 'moderate',
50 silly audit report       vulnerable_versions: '>=7.0.0-alpha.0 <8.18.0',
50 silly audit report       cwe: [Array],
50 silly audit report       cvss: [Object]
50 silly audit report     }
50 silly audit report   ],
50 silly audit report   'brace-expansion': [
50 silly audit report     {
50 silly audit report       id: 1115540,
50 silly audit report       url: 'https://github.com/advisories/GHSA-f886-m6hf-6m8v',
50 silly audit report       title: 'brace-expansion: Zero-step sequence causes process hang and memory exhaustion',
50 silly audit report       severity: 'moderate',
50 silly audit report       vulnerable_versions: '<1.1.13',
50 silly audit report       cwe: [Array],
50 silly audit report       cvss: [Object]
50 silly audit report     },
50 silly audit report     {
50 silly audit report       id: 1115541,
50 silly audit report       url: 'https://github.com/advisories/GHSA-f886-m6hf-6m8v',
50 silly audit report       title: 'brace-expansion: Zero-step sequence causes process hang and memory exhaustion',
50 silly audit report       severity: 'moderate',
50 silly audit report       vulnerable_versions: '>=2.0.0 <2.0.3',
50 silly audit report       cwe: [Array],
50 silly audit report       cvss: [Object]
50 silly audit report     }
50 silly audit report   ],
50 silly audit report   minimatch: [
50 silly audit report     {
50 silly audit report       id: 1113459,
50 silly audit report       url: 'https://github.com/advisories/GHSA-3ppc-4f35-3m26',
50 silly audit report       title: 'minimatch has a ReDoS via repeated wildcards with non-matching literal in pattern',
50 silly audit report       severity: 'high',
50 silly audit report       vulnerable_versions: '<3.1.3',
50 silly audit report       cwe: [Array],
50 silly audit report       cvss: [Object]
50 silly audit report     },
50 silly audit report     {
50 silly audit report       id: 1113461,
50 silly audit report       url: 'https://github.com/advisories/GHSA-3ppc-4f35-3m26',
50 silly audit report       title: 'minimatch has a ReDoS via repeated wildcards with non-matching literal in pattern',
50 silly audit report       severity: 'high',
50 silly audit report       vulnerable_versions: '>=5.0.0 <5.1.7',
50 silly audit report       cwe: [Array],
50 silly audit report       cvss: [Object]
50 silly audit report     },
50 silly audit report     {
50 silly audit report       id: 1113538,
50 silly audit report       url: 'https://github.com/advisories/GHSA-7r86-cg39-jmmj',
50 silly audit report       title: 'minimatch has ReDoS: matchOne() combinatorial backtracking via multiple non-adjacent GLOBSTAR segments',
50 silly audit report       severity: 'high',
50 silly audit report       vulnerable_versions: '<3.1.3',
50 silly audit report       cwe: [Array],
50 silly audit report       cvss: [Object]
50 silly audit report     },
50 silly audit report     {
50 silly audit report       id: 1113540,
50 silly audit report       url: 'https://github.com/advisories/GHSA-7r86-cg39-jmmj',
50 silly audit report       title: 'minimatch has ReDoS: matchOne() combinatorial backtracking via multiple non-adjacent GLOBSTAR segments',
50 silly audit report       severity: 'high',
50 silly audit report       vulnerable_versions: '>=5.0.0 <5.1.8',
50 silly audit report       cwe: [Array],
50 silly audit report       cvss: [Object]
50 silly audit report     },
50 silly audit report     {
50 silly audit report       id: 1113546,
50 silly audit report       url: 'https://github.com/advisories/GHSA-23c5-xmqv-rm74',
50 silly audit report       title: 'minimatch ReDoS: nested *() extglobs generate catastrophically backtracking regular expressions',
50 silly audit report       severity: 'high',
50 silly audit report       vulnerable_versions: '<3.1.4',
50 silly audit report       cwe: [Array],
50 silly audit report       cvss: [Object]
50 silly audit report     },
50 silly audit report     {
50 silly audit report       id: 1113548,
50 silly audit report       url: 'https://github.com/advisories/GHSA-23c5-xmqv-rm74',
50 silly audit report       title: 'minimatch ReDoS: nested *() extglobs generate catastrophically backtracking regular expressions',
50 silly audit report       severity: 'high',
50 silly audit report       vulnerable_versions: '>=5.0.0 <5.1.8',
50 silly audit report       cwe: [Array],
50 silly audit report       cvss: [Object]
50 silly audit report     }
50 silly audit report   ],
50 silly audit report   flatted: [
50 silly audit report     {
50 silly audit report       id: 1114526,
50 silly audit report       url: 'https://github.com/advisories/GHSA-25h7-pfq9-p65f',
50 silly audit report       title: 'flatted vulnerable to unbounded recursion DoS in parse() revive phase',
50 silly audit report       severity: 'high',
50 silly audit report       vulnerable_versions: '<3.4.0',
50 silly audit report       cwe: [Array],
50 silly audit report       cvss: [Object]
50 silly audit report     },
50 silly audit report     {
50 silly audit report       id: 1115357,
50 silly audit report       url: 'https://github.com/advisories/GHSA-rf6f-7fwh-wjgh',
50 silly audit report       title: 'Prototype Pollution via parse() in NodeJS flatted',
50 silly audit report       severity: 'high',
50 silly audit report       vulnerable_versions: '<=3.4.1',
50 silly audit report       cwe: [Array],
50 silly audit report       cvss: [Object]
50 silly audit report     }
50 silly audit report   ],
50 silly audit report   'follow-redirects': [
50 silly audit report     {
50 silly audit report       id: 1116560,
50 silly audit report       url: 'https://github.com/advisories/GHSA-r4q5-vmmm-2653',
50 silly audit report       title: 'follow-redirects leaks Custom Authentication Headers to Cross-Domain Redirect Targets',
50 silly audit report       severity: 'moderate',
50 silly audit report       vulnerable_versions: '<=1.15.11',
50 silly audit report       cwe: [Array],
50 silly audit report       cvss: [Object]
50 silly audit report     }
50 silly audit report   ],
50 silly audit report   jsonpath: [
50 silly audit report     {
50 silly audit report       id: 1112974,
50 silly audit report       url: 'https://github.com/advisories/GHSA-6c59-mwgh-r2x6',
50 silly audit report       title: 'JSONPath vulnerable to Prototype Pollution due to insufficient input validation of object keys in lib/index.js',
50 silly audit report       severity: 'moderate',
50 silly audit report       vulnerable_versions: '<1.2.0',
50 silly audit report       cwe: [Array],
50 silly audit report       cvss: [Object]
50 silly audit report     },
50 silly audit report     {
50 silly audit report       id: 1114914,
50 silly audit report       url: 'https://github.com/advisories/GHSA-87r5-mp6g-5w5j',
50 silly audit report       title: 'jsonpath has Arbitrary Code Injection via Unsafe Evaluation of JSON Path Expressions',
50 silly audit report       severity: 'high',
50 silly audit report       vulnerable_versions: '<=1.2.1',
50 silly audit report       cwe: [Array],
50 silly audit report       cvss: [Object]
50 silly audit report     }
50 silly audit report   ],
50 silly audit report   lodash: [
50 silly audit report     {
50 silly audit report       id: 1112455,
50 silly audit report       url: 'https://github.com/advisories/GHSA-xxjr-mmjv-4gpg',
50 silly audit report       title: 'Lodash has Prototype Pollution Vulnerability in `_.unset` and `_.omit` functions',
50 silly audit report       severity: 'moderate',
50 silly audit report       vulnerable_versions: '>=4.0.0 <=4.17.22',
50 silly audit report       cwe: [Array],
50 silly audit report       cvss: [Object]
50 silly audit report     },
50 silly audit report     {
50 silly audit report       id: 1115806,
50 silly audit report       url: 'https://github.com/advisories/GHSA-r5fr-rjxr-66jc',
50 silly audit report       title: 'lodash vulnerable to Code Injection via `_.template` imports key names',
50 silly audit report       severity: 'high',
50 silly audit report       vulnerable_versions: '>=4.0.0 <=4.17.23',
50 silly audit report       cwe: [Array],
50 silly audit report       cvss: [Object]
50 silly audit report     },
50 silly audit report     {
50 silly audit report       id: 1115810,
50 silly audit report       url: 'https://github.com/advisories/GHSA-f23m-r3pf-42rh',
50 silly audit report       title: 'lodash vulnerable to Prototype Pollution via array path bypass in `_.unset` and `_.omit`',
50 silly audit report       severity: 'moderate',
50 silly audit report       vulnerable_versions: '<=4.17.23',
50 silly audit report       cwe: [Array],
50 silly audit report       cvss: [Object]
50 silly audit report     }
50 silly audit report   ],
50 silly audit report   'node-forge': [
50 silly audit report     {
50 silly audit report       id: 1115545,
50 silly audit report       url: 'https://github.com/advisories/GHSA-2328-f5f3-gj25',
50 silly audit report       title: 'Forge has a basicConstraints bypass in its certificate chain verification (RFC 5280 violation)',
50 silly audit report       severity: 'high',
50 silly audit report       vulnerable_versions: '<=1.3.3',
50 silly audit report       cwe: [Array],
50 silly audit report       cvss: [Object]
50 silly audit report     },
50 silly audit report     {
50 silly audit report       id: 1115546,
50 silly audit report       url: 'https://github.com/advisories/GHSA-q67f-28xg-22rw',
50 silly audit report       title: 'Forge has signature forgery in Ed25519 due to missing S > L check',
50 silly audit report       severity: 'high',
50 silly audit report       vulnerable_versions: '<1.4.0',
50 silly audit report       cwe: [Array],
50 silly audit report       cvss: [Object]
50 silly audit report     },
50 silly audit report     {
50 silly audit report       id: 1115548,
50 silly audit report       url: 'https://github.com/advisories/GHSA-5m6q-g25r-mvwx',
50 silly audit report       title: 'Forge has Denial of Service via Infinite Loop in BigInteger.modInverse() with Zero Input',
50 silly audit report       severity: 'high',
50 silly audit report       vulnerable_versions: '<1.4.0',
50 silly audit report       cwe: [Array],
50 silly audit report       cvss: [Object]
50 silly audit report     },
50 silly audit report     {
50 silly audit report       id: 1115612,
50 silly audit report       url: 'https://github.com/advisories/GHSA-ppp5-5v6c-4jwp',
50 silly audit report       title: 'Forge has signature forgery in RSA-PKCS due to ASN.1 extra field  ',
50 silly audit report       severity: 'high',
50 silly audit report       vulnerable_versions: '<1.4.0',
50 silly audit report       cwe: [Array],
50 silly audit report       cvss: [Object]
50 silly audit report     }
50 silly audit report   ],
50 silly audit report   'nth-check': [
50 silly audit report     {
50 silly audit report       id: 1095141,
50 silly audit report       url: 'https://github.com/advisories/GHSA-rp65-9cf3-cjxr',
50 silly audit report       title: 'Inefficient Regular Expression Complexity in nth-check',
50 silly audit report       severity: 'high',
50 silly audit report       vulnerable_versions: '<2.0.1',
50 silly audit report       cwe: [Array],
50 silly audit report       cvss: [Object]
50 silly audit report     }
50 silly audit report   ],
50 silly audit report   'path-to-regexp': [
50 silly audit report     {
50 silly audit report       id: 1115527,
50 silly audit report       url: 'https://github.com/advisories/GHSA-37ch-88jc-xwx2',
50 silly audit report       title: 'path-to-regexp vulnerable to Regular Expression Denial of Service via multiple route parameters',
50 silly audit report       severity: 'high',
50 silly audit report       vulnerable_versions: '<0.1.13',
50 silly audit report       cwe: [Array],
50 silly audit report       cvss: [Object]
50 silly audit report     }
50 silly audit report   ],
50 silly audit report   picomatch: [
50 silly audit report     {
50 silly audit report       id: 1115549,
50 silly audit report       url: 'https://github.com/advisories/GHSA-3v7f-55p6-f55p',
50 silly audit report       title: 'Picomatch: Method Injection in POSIX Character Classes causes incorrect Glob Matching',
50 silly audit report       severity: 'moderate',
50 silly audit report       vulnerable_versions: '<2.3.2',
50 silly audit report       cwe: [Array],
50 silly audit report       cvss: [Object]
50 silly audit report     },
50 silly audit report     {
50 silly audit report       id: 1115551,
50 silly audit report       url: 'https://github.com/advisories/GHSA-3v7f-55p6-f55p',
50 silly audit report       title: 'Picomatch: Method Injection in POSIX Character Classes causes incorrect Glob Matching',
50 silly audit report       severity: 'moderate',
50 silly audit report       vulnerable_versions: '>=4.0.0 <4.0.4',
50 silly audit report       cwe: [Array],
50 silly audit report       cvss: [Object]
50 silly audit report     },
50 silly audit report     {
50 silly audit report       id: 1115552,
50 silly audit report       url: 'https://github.com/advisories/GHSA-c2c7-rcm5-vvqj',
50 silly audit report       title: 'Picomatch has a ReDoS vulnerability via extglob quantifiers',
50 silly audit report       severity: 'high',
50 silly audit report       vulnerable_versions: '<2.3.2',
50 silly audit report       cwe: [Array],
50 silly audit report       cvss: [Object]
50 silly audit report     },
50 silly audit report     {
50 silly audit report       id: 1115554,
50 silly audit report       url: 'https://github.com/advisories/GHSA-c2c7-rcm5-vvqj',
50 silly audit report       title: 'Picomatch has a ReDoS vulnerability via extglob quantifiers',
50 silly audit report       severity: 'high',
50 silly audit report       vulnerable_versions: '>=4.0.0 <4.0.4',
50 silly audit report       cwe: [Array],
50 silly audit report       cvss: [Object]
50 silly audit report     }
50 silly audit report   ],
50 silly audit report   postcss: [
50 silly audit report     {
50 silly audit report       id: 1109574,
50 silly audit report       url: 'https://github.com/advisories/GHSA-7fh5-64p2-3v2j',
50 silly audit report       title: 'PostCSS line return parsing error',
50 silly audit report       severity: 'moderate',
50 silly audit report       vulnerable_versions: '<8.4.31',
50 silly audit report       cwe: [Array],
50 silly audit report       cvss: [Object]
50 silly audit report     }
50 silly audit report   ],
50 silly audit report   svgo: [
50 silly audit report     {
50 silly audit report       id: 1114152,
50 silly audit report       url: 'https://github.com/advisories/GHSA-xpqw-6gx7-v673',
50 silly audit report       title: 'SVGO DoS through entity expansion in DOCTYPE (Billion Laughs)',
50 silly audit report       severity: 'high',
50 silly audit report       vulnerable_versions: '>=2.1.0 <2.8.1',
50 silly audit report       cwe: [Array],
50 silly audit report       cvss: [Object]
50 silly audit report     }
50 silly audit report   ],
50 silly audit report   protobufjs: [
50 silly audit report     {
50 silly audit report       id: 1116832,
50 silly audit report       url: 'https://github.com/advisories/GHSA-xq3m-2v4x-88gg',
50 silly audit report       title: 'Arbitrary code execution in protobufjs',
50 silly audit report       severity: 'critical',
50 silly audit report       vulnerable_versions: '<7.5.5',
50 silly audit report       cwe: [Array],
50 silly audit report       cvss: [Object]
50 silly audit report     }
50 silly audit report   ],
50 silly audit report   qs: [
50 silly audit report     {
50 silly audit report       id: 1113161,
50 silly audit report       url: 'https://github.com/advisories/GHSA-w7fw-mjwx-w883',
50 silly audit report       title: "qs's arrayLimit bypass in comma parsing allows denial of service",
50 silly audit report       severity: 'low',
50 silly audit report       vulnerable_versions: '>=6.7.0 <=6.14.1',
50 silly audit report       cwe: [Array],
50 silly audit report       cvss: [Object]
50 silly audit report     },
50 silly audit report     {
50 silly audit report       id: 1113719,
50 silly audit report       url: 'https://github.com/advisories/GHSA-6rw7-vpxm-498p',
50 silly audit report       title: "qs's arrayLimit bypass in its bracket notation allows DoS via memory exhaustion",
50 silly audit report       severity: 'moderate',
50 silly audit report       vulnerable_versions: '<6.14.1',
50 silly audit report       cwe: [Array],
50 silly audit report       cvss: [Object]
50 silly audit report     }
50 silly audit report   ],
50 silly audit report   'react-router': [
50 silly audit report     {
50 silly audit report       id: 1112051,
50 silly audit report       url: 'https://github.com/advisories/GHSA-h5cw-625j-3rxh',
50 silly audit report       title: 'React Router has CSRF issue in Action/Server Action Request Processing',
50 silly audit report       severity: 'moderate',
50 silly audit report       vulnerable_versions: '>=7.0.0 <=7.11.0',
50 silly audit report       cwe: [Array],
50 silly audit report       cvss: [Object]
50 silly audit report     },
50 silly audit report     {
50 silly audit report       id: 1112053,
50 silly audit report       url: 'https://github.com/advisories/GHSA-2w69-qvjg-hvjx',
50 silly audit report       title: 'React Router vulnerable to XSS via Open Redirects',
50 silly audit report       severity: 'high',
50 silly audit report       vulnerable_versions: '>=7.0.0 <=7.11.0',
50 silly audit report       cwe: [Array],
50 silly audit report       cvss: [Object]
50 silly audit report     },
50 silly audit report     {
50 silly audit report       id: 1112055,
50 silly audit report       url: 'https://github.com/advisories/GHSA-8v8x-cx79-35w7',
50 silly audit report       title: 'React Router SSR XSS in ScrollRestoration',
50 silly audit report       severity: 'high',
50 silly audit report       vulnerable_versions: '>=7.0.0 <7.12.0',
50 silly audit report       cwe: [Array],
50 silly audit report       cvss: [Object]
50 silly audit report     }
50 silly audit report   ],
50 silly audit report   rollup: [
50 silly audit report     {
50 silly audit report       id: 1113517,
50 silly audit report       url: 'https://github.com/advisories/GHSA-mw96-cpmx-2vgc',
50 silly audit report       title: 'Rollup 4 has Arbitrary File Write via Path Traversal',
50 silly audit report       severity: 'high',
50 silly audit report       vulnerable_versions: '<2.80.0',
50 silly audit report       cwe: [Array],
50 silly audit report       cvss: [Object]
50 silly audit report     }
50 silly audit report   ],
50 silly audit report   'serialize-javascript': [
50 silly audit report     {
50 silly audit report       id: 1113686,
50 silly audit report       url: 'https://github.com/advisories/GHSA-5c6j-r48x-rmvq',
50 silly audit report       title: 'Serialize JavaScript is Vulnerable to RCE via RegExp.flags and Date.prototype.toISOString()',
50 silly audit report       severity: 'high',
50 silly audit report       vulnerable_versions: '<=7.0.2',
50 silly audit report       cwe: [Array],
50 silly audit report       cvss: [Object]
50 silly audit report     },
50 silly audit report     {
50 silly audit report       id: 1115723,
50 silly audit report       url: 'https://github.com/advisories/GHSA-qj8w-gfj5-8c6v',
50 silly audit report       title: 'Serialize JavaScript has CPU Exhaustion Denial of Service via crafted array-like objects',
50 silly audit report       severity: 'moderate',
50 silly audit report       vulnerable_versions: '<7.0.5',
50 silly audit report       cwe: [Array],
50 silly audit report       cvss: [Object]
50 silly audit report     }
50 silly audit report   ],
50 silly audit report   'socket.io-parser': [
50 silly audit report     {
50 silly audit report       id: 1115154,
50 silly audit report       url: 'https://github.com/advisories/GHSA-677m-j7p3-52f9',
50 silly audit report       title: 'socket.io allows an unbounded number of binary attachments',
50 silly audit report       severity: 'high',
50 silly audit report       vulnerable_versions: '>=4.0.0 <4.2.6',
50 silly audit report       cwe: [Array],
50 silly audit report       cvss: [Object]
50 silly audit report     }
50 silly audit report   ],
50 silly audit report   yaml: [
50 silly audit report     {
50 silly audit report       id: 1115555,
50 silly audit report       url: 'https://github.com/advisories/GHSA-48c2-rrv3-qjmp',
50 silly audit report       title: 'yaml is vulnerable to Stack Overflow via deeply nested YAML collections',
50 silly audit report       severity: 'moderate',
50 silly audit report       vulnerable_versions: '>=1.0.0 <1.10.3',
50 silly audit report       cwe: [Array],
50 silly audit report       cvss: [Object]
50 silly audit report     },
50 silly audit report     {
50 silly audit report       id: 1115556,
50 silly audit report       url: 'https://github.com/advisories/GHSA-48c2-rrv3-qjmp',
50 silly audit report       title: 'yaml is vulnerable to Stack Overflow via deeply nested YAML collections',
50 silly audit report       severity: 'moderate',
50 silly audit report       vulnerable_versions: '>=2.0.0 <2.8.3',
50 silly audit report       cwe: [Array],
50 silly audit report       cvss: [Object]
50 silly audit report     }
50 silly audit report   ],
50 silly audit report   underscore: [
50 silly audit report     {
50 silly audit report       id: 1113950,
50 silly audit report       url: 'https://github.com/advisories/GHSA-qpx9-hpmf-5gmw',
50 silly audit report       title: 'Underscore has unlimited recursion in _.flatten and _.isEqual, potential for DoS attack',
50 silly audit report       severity: 'high',
50 silly audit report       vulnerable_versions: '<=1.13.7',
50 silly audit report       cwe: [Array],
50 silly audit report       cvss: [Object]
50 silly audit report     }
50 silly audit report   ],
50 silly audit report   webpack: [
50 silly audit report     {
50 silly audit report       id: 1113041,
50 silly audit report       url: 'https://github.com/advisories/GHSA-8fgc-7cc6-rx7x',
50 silly audit report       title: 'webpack buildHttp: allowedUris allow-list bypass via URL userinfo (@) leading to build-time SSRF behavior',
50 silly audit report       severity: 'low',
50 silly audit report       vulnerable_versions: '>=5.49.0 <=5.104.0',
50 silly audit report       cwe: [Array],
50 silly audit report       cvss: [Object]
50 silly audit report     },
50 silly audit report     {
50 silly audit report       id: 1113042,
50 silly audit report       url: 'https://github.com/advisories/GHSA-38r7-794h-5758',
50 silly audit report       title: 'webpack buildHttp HttpUriPlugin allowedUris bypass via HTTP redirects → SSRF + cache persistence',
50 silly audit report       severity: 'low',
50 silly audit report       vulnerable_versions: '>=5.49.0 <5.104.0',
50 silly audit report       cwe: [Array],
50 silly audit report       cvss: [Object]
50 silly audit report     }
50 silly audit report   ],
50 silly audit report   'webpack-dev-server': [
50 silly audit report     {
50 silly audit report       id: 1108429,
50 silly audit report       url: 'https://github.com/advisories/GHSA-9jgg-88mc-972h',
50 silly audit report       title: "webpack-dev-server users' source code may be stolen when they access a malicious web site with non-Chromium based browser",
50 silly audit report       severity: 'moderate',
50 silly audit report       vulnerable_versions: '<=5.2.0',
50 silly audit report       cwe: [Array],
50 silly audit report       cvss: [Object]
50 silly audit report     },
50 silly audit report     {
50 silly audit report       id: 1108430,
50 silly audit report       url: 'https://github.com/advisories/GHSA-4v9v-hfq4-rm2v',
50 silly audit report       title: "webpack-dev-server users' source code may be stolen when they access a malicious web site",
50 silly audit report       severity: 'moderate',
50 silly audit report       vulnerable_versions: '<=5.2.0',
50 silly audit report       cwe: [Array],
50 silly audit report       cvss: [Object]
50 silly audit report     }
50 silly audit report   ]
50 silly audit report }
51 silly packumentCache corgi:https://registry.npmjs.org/@tootallnate%2fonce cache-miss
52 silly packumentCache corgi:https://registry.npmjs.org/ajv cache-miss
53 silly packumentCache corgi:https://registry.npmjs.org/brace-expansion cache-miss
54 silly packumentCache corgi:https://registry.npmjs.org/minimatch cache-miss
55 silly packumentCache corgi:https://registry.npmjs.org/flatted cache-miss
56 silly packumentCache corgi:https://registry.npmjs.org/follow-redirects cache-miss
57 silly packumentCache corgi:https://registry.npmjs.org/jsonpath cache-miss
58 silly packumentCache corgi:https://registry.npmjs.org/lodash cache-miss
59 silly packumentCache corgi:https://registry.npmjs.org/node-forge cache-miss
60 silly packumentCache corgi:https://registry.npmjs.org/nth-check cache-miss
61 silly packumentCache corgi:https://registry.npmjs.org/path-to-regexp cache-miss
62 silly packumentCache corgi:https://registry.npmjs.org/picomatch cache-miss
63 silly packumentCache corgi:https://registry.npmjs.org/postcss cache-miss
64 silly packumentCache corgi:https://registry.npmjs.org/svgo cache-miss
65 silly packumentCache corgi:https://registry.npmjs.org/protobufjs cache-miss
66 silly packumentCache corgi:https://registry.npmjs.org/qs cache-miss
67 silly packumentCache corgi:https://registry.npmjs.org/react-router cache-miss
68 silly packumentCache corgi:https://registry.npmjs.org/rollup cache-miss
69 silly packumentCache corgi:https://registry.npmjs.org/serialize-javascript cache-miss
70 silly packumentCache corgi:https://registry.npmjs.org/socket.io-parser cache-miss
71 silly packumentCache corgi:https://registry.npmjs.org/yaml cache-miss
72 silly packumentCache corgi:https://registry.npmjs.org/underscore cache-miss
73 silly packumentCache corgi:https://registry.npmjs.org/webpack cache-miss
74 silly packumentCache corgi:https://registry.npmjs.org/webpack-dev-server cache-miss
75 http fetch GET 200 https://registry.npmjs.org/brace-expansion 82ms (cache miss)
76 silly packumentCache corgi:https://registry.npmjs.org/brace-expansion set size:undefined disposed:false
77 http fetch GET 200 https://registry.npmjs.org/@tootallnate%2fonce 154ms (cache miss)
78 silly packumentCache corgi:https://registry.npmjs.org/@tootallnate%2fonce set size:undefined disposed:false
79 http fetch GET 200 https://registry.npmjs.org/ajv 168ms (cache miss)
80 silly packumentCache corgi:https://registry.npmjs.org/ajv set size:undefined disposed:false
81 http fetch GET 200 https://registry.npmjs.org/protobufjs 296ms (cache miss)
82 silly packumentCache corgi:https://registry.npmjs.org/protobufjs set size:undefined disposed:false
83 http fetch GET 200 https://registry.npmjs.org/qs 335ms (cache miss)
84 silly packumentCache corgi:https://registry.npmjs.org/qs set size:undefined disposed:false
85 http fetch GET 200 https://registry.npmjs.org/minimatch 559ms (cache miss)
86 silly packumentCache corgi:https://registry.npmjs.org/minimatch set size:undefined disposed:false
87 http fetch GET 200 https://registry.npmjs.org/flatted 582ms (cache miss)
88 silly packumentCache corgi:https://registry.npmjs.org/flatted set size:undefined disposed:false
89 http fetch GET 200 https://registry.npmjs.org/svgo 609ms (cache miss)
90 silly packumentCache corgi:https://registry.npmjs.org/svgo set size:undefined disposed:false
91 http fetch GET 200 https://registry.npmjs.org/lodash 648ms (cache miss)
92 silly packumentCache corgi:https://registry.npmjs.org/lodash set size:undefined disposed:false
93 http fetch GET 200 https://registry.npmjs.org/nth-check 739ms (cache miss)
94 silly packumentCache corgi:https://registry.npmjs.org/nth-check set size:undefined disposed:false
95 http fetch GET 200 https://registry.npmjs.org/serialize-javascript 761ms (cache miss)
96 silly packumentCache corgi:https://registry.npmjs.org/serialize-javascript set size:undefined disposed:false
97 http fetch GET 200 https://registry.npmjs.org/picomatch 784ms (cache miss)
98 silly packumentCache corgi:https://registry.npmjs.org/picomatch set size:undefined disposed:false
99 http fetch GET 200 https://registry.npmjs.org/path-to-regexp 807ms (cache miss)
100 silly packumentCache corgi:https://registry.npmjs.org/path-to-regexp set size:undefined disposed:false
101 http fetch GET 200 https://registry.npmjs.org/follow-redirects 880ms (cache miss)
102 silly packumentCache corgi:https://registry.npmjs.org/follow-redirects set size:undefined disposed:false
103 http fetch GET 200 https://registry.npmjs.org/node-forge 920ms (cache miss)
104 silly packumentCache corgi:https://registry.npmjs.org/node-forge set size:undefined disposed:false
105 http fetch GET 200 https://registry.npmjs.org/jsonpath 1102ms (cache miss)
106 silly packumentCache corgi:https://registry.npmjs.org/jsonpath set size:undefined disposed:false
107 http fetch GET 200 https://registry.npmjs.org/socket.io-parser 1119ms (cache miss)
108 silly packumentCache corgi:https://registry.npmjs.org/socket.io-parser set size:undefined disposed:false
109 http fetch GET 200 https://registry.npmjs.org/yaml 1169ms (cache miss)
110 silly packumentCache corgi:https://registry.npmjs.org/yaml set size:undefined disposed:false
111 http fetch GET 200 https://registry.npmjs.org/underscore 1188ms (cache miss)
112 silly packumentCache corgi:https://registry.npmjs.org/underscore set size:undefined disposed:false
113 http fetch GET 200 https://registry.npmjs.org/postcss 1220ms (cache miss)
114 silly packumentCache corgi:https://registry.npmjs.org/postcss set size:undefined disposed:false
115 http fetch GET 200 https://registry.npmjs.org/react-router 1489ms (cache miss)
116 silly packumentCache corgi:https://registry.npmjs.org/react-router set size:undefined disposed:false
117 http fetch GET 200 https://registry.npmjs.org/@tanstack/query-core/-/query-core-5.99.2.tgz 1845ms (cache miss)
118 http fetch GET 200 https://registry.npmjs.org/webpack-dev-server 1727ms (cache miss)
119 silly packumentCache corgi:https://registry.npmjs.org/webpack-dev-server set size:undefined disposed:false
120 http fetch GET 200 https://registry.npmjs.org/rollup 1900ms (cache miss)
121 silly packumentCache corgi:https://registry.npmjs.org/rollup set size:undefined disposed:false
122 http fetch GET 200 https://registry.npmjs.org/webpack 2100ms (cache miss)
123 silly packumentCache corgi:https://registry.npmjs.org/webpack set size:undefined disposed:false
124 silly packumentCache corgi:https://registry.npmjs.org/http-proxy-agent cache-miss
125 http fetch GET 200 https://registry.npmjs.org/http-proxy-agent 55ms (cache miss)
126 silly packumentCache corgi:https://registry.npmjs.org/http-proxy-agent set size:undefined disposed:false
127 silly packumentCache corgi:https://registry.npmjs.org/@eslint%2feslintrc cache-miss
128 silly packumentCache corgi:https://registry.npmjs.org/ajv-keywords cache-miss
129 silly packumentCache corgi:https://registry.npmjs.org/schema-utils cache-miss
130 silly packumentCache corgi:https://registry.npmjs.org/eslint cache-miss
131 http fetch GET 200 https://registry.npmjs.org/schema-utils 89ms (cache miss)
132 silly packumentCache corgi:https://registry.npmjs.org/schema-utils set size:undefined disposed:false
133 http fetch GET 200 https://registry.npmjs.org/@eslint%2feslintrc 98ms (cache miss)
134 silly packumentCache corgi:https://registry.npmjs.org/@eslint%2feslintrc set size:undefined disposed:false
135 http fetch GET 200 https://registry.npmjs.org/ajv-keywords 112ms (cache miss)
136 silly packumentCache corgi:https://registry.npmjs.org/ajv-keywords set size:undefined disposed:false
137 http fetch GET 200 https://registry.npmjs.org/eslint 248ms (cache miss)
138 silly packumentCache corgi:https://registry.npmjs.org/eslint set size:undefined disposed:false
139 silly packumentCache corgi:https://registry.npmjs.org/ajv-formats cache-miss
140 silly packumentCache corgi:https://registry.npmjs.org/workbox-build cache-miss
141 silly packumentCache corgi:https://registry.npmjs.org/@apideck%2fbetter-ajv-errors cache-miss
142 http fetch GET 200 https://registry.npmjs.org/ajv-formats 73ms (cache miss)
143 silly packumentCache corgi:https://registry.npmjs.org/ajv-formats set size:undefined disposed:false
144 http fetch GET 200 https://registry.npmjs.org/@apideck%2fbetter-ajv-errors 129ms (cache miss)
145 silly packumentCache corgi:https://registry.npmjs.org/@apideck%2fbetter-ajv-errors set size:undefined disposed:false
146 http fetch GET 200 https://registry.npmjs.org/workbox-build 132ms (cache miss)
147 silly packumentCache corgi:https://registry.npmjs.org/workbox-build set size:undefined disposed:false
148 silly packumentCache corgi:https://registry.npmjs.org/@humanwhocodes%2fconfig-array cache-miss
149 silly packumentCache corgi:https://registry.npmjs.org/eslint-plugin-import cache-miss
150 silly packumentCache corgi:https://registry.npmjs.org/eslint-plugin-jsx-a11y cache-miss
151 silly packumentCache corgi:https://registry.npmjs.org/eslint-plugin-react cache-miss
152 silly packumentCache corgi:https://registry.npmjs.org/fork-ts-checker-webpack-plugin cache-miss
153 silly packumentCache corgi:https://registry.npmjs.org/glob cache-miss
154 silly packumentCache corgi:https://registry.npmjs.org/recursive-readdir cache-miss
155 silly packumentCache corgi:https://registry.npmjs.org/test-exclude cache-miss
156 http fetch GET 200 https://registry.npmjs.org/eslint-plugin-jsx-a11y 82ms (cache miss)
157 silly packumentCache corgi:https://registry.npmjs.org/eslint-plugin-jsx-a11y set size:undefined disposed:false
158 http fetch GET 200 https://registry.npmjs.org/recursive-readdir 101ms (cache miss)
159 silly packumentCache corgi:https://registry.npmjs.org/recursive-readdir set size:undefined disposed:false
160 http fetch GET 200 https://registry.npmjs.org/test-exclude 142ms (cache miss)
161 silly packumentCache corgi:https://registry.npmjs.org/test-exclude set size:undefined disposed:false
162 http fetch GET 200 https://registry.npmjs.org/eslint-plugin-import 162ms (cache miss)
163 silly packumentCache corgi:https://registry.npmjs.org/eslint-plugin-import set size:undefined disposed:false
164 http fetch GET 200 https://registry.npmjs.org/@humanwhocodes%2fconfig-array 251ms (cache miss)
165 silly packumentCache corgi:https://registry.npmjs.org/@humanwhocodes%2fconfig-array set size:undefined disposed:false
166 http fetch GET 200 https://registry.npmjs.org/glob 319ms (cache miss)
167 silly packumentCache corgi:https://registry.npmjs.org/glob set size:undefined disposed:false
168 http fetch GET 200 https://registry.npmjs.org/eslint-plugin-react 325ms (cache miss)
169 silly packumentCache corgi:https://registry.npmjs.org/eslint-plugin-react set size:undefined disposed:false
170 http fetch GET 200 https://registry.npmjs.org/fork-ts-checker-webpack-plugin 380ms (cache miss)
171 silly packumentCache corgi:https://registry.npmjs.org/fork-ts-checker-webpack-plugin set size:undefined disposed:false
172 silly packumentCache corgi:https://registry.npmjs.org/filelist cache-miss
173 http fetch GET 200 https://registry.npmjs.org/filelist 55ms (cache miss)
174 silly packumentCache corgi:https://registry.npmjs.org/filelist set size:undefined disposed:false
175 silly packumentCache corgi:https://registry.npmjs.org/flat-cache cache-miss
176 http fetch GET 200 https://registry.npmjs.org/flat-cache 69ms (cache miss)
177 silly packumentCache corgi:https://registry.npmjs.org/flat-cache set size:undefined disposed:false
178 silly packumentCache corgi:https://registry.npmjs.org/http-proxy cache-miss
179 http fetch GET 200 https://registry.npmjs.org/http-proxy 58ms (cache miss)
180 silly packumentCache corgi:https://registry.npmjs.org/http-proxy set size:undefined disposed:false
181 silly packumentCache corgi:https://registry.npmjs.org/bfj cache-miss
182 http fetch GET 200 https://registry.npmjs.org/bfj 61ms (cache miss)
183 silly packumentCache corgi:https://registry.npmjs.org/bfj set size:undefined disposed:false
184 silly packumentCache corgi:https://registry.npmjs.org/eslint-plugin-flowtype cache-miss
185 silly packumentCache corgi:https://registry.npmjs.org/html-webpack-plugin cache-miss
186 silly packumentCache corgi:https://registry.npmjs.org/pretty-error cache-miss
187 silly packumentCache corgi:https://registry.npmjs.org/renderkid cache-miss
188 silly packumentCache corgi:https://registry.npmjs.org/whatwg-url cache-miss
189 http fetch GET 200 https://registry.npmjs.org/renderkid 53ms (cache miss)
190 silly packumentCache corgi:https://registry.npmjs.org/renderkid set size:undefined disposed:false
191 http fetch GET 200 https://registry.npmjs.org/whatwg-url 116ms (cache miss)
192 silly packumentCache corgi:https://registry.npmjs.org/whatwg-url set size:undefined disposed:false
193 http fetch GET 200 https://registry.npmjs.org/pretty-error 133ms (cache miss)
194 silly packumentCache corgi:https://registry.npmjs.org/pretty-error set size:undefined disposed:false
195 http fetch GET 200 https://registry.npmjs.org/eslint-plugin-flowtype 151ms (cache miss)
196 silly packumentCache corgi:https://registry.npmjs.org/eslint-plugin-flowtype set size:undefined disposed:false
197 http fetch GET 200 https://registry.npmjs.org/html-webpack-plugin 351ms (cache miss)
198 silly packumentCache corgi:https://registry.npmjs.org/html-webpack-plugin set size:undefined disposed:false
199 silly packumentCache corgi:https://registry.npmjs.org/selfsigned cache-miss
200 http fetch GET 200 https://registry.npmjs.org/selfsigned 59ms (cache miss)
201 silly packumentCache corgi:https://registry.npmjs.org/selfsigned set size:undefined disposed:false
202 silly packumentCache corgi:https://registry.npmjs.org/css-select cache-miss
203 http fetch GET 200 https://registry.npmjs.org/css-select 60ms (cache miss)
204 silly packumentCache corgi:https://registry.npmjs.org/css-select set size:undefined disposed:false
205 silly packumentCache corgi:https://registry.npmjs.org/express cache-miss
206 http fetch GET 200 https://registry.npmjs.org/express 100ms (cache miss)
207 silly packumentCache corgi:https://registry.npmjs.org/express set size:undefined disposed:false
208 silly packumentCache corgi:https://registry.npmjs.org/@rollup%2fpluginutils cache-miss
209 silly packumentCache corgi:https://registry.npmjs.org/anymatch cache-miss
210 silly packumentCache corgi:https://registry.npmjs.org/jest-util cache-miss
211 silly packumentCache corgi:https://registry.npmjs.org/micromatch cache-miss
212 silly packumentCache corgi:https://registry.npmjs.org/readdirp cache-miss
213 http fetch GET 200 https://registry.npmjs.org/anymatch 54ms (cache miss)
214 silly packumentCache corgi:https://registry.npmjs.org/anymatch set size:undefined disposed:false
215 http fetch GET 200 https://registry.npmjs.org/readdirp 68ms (cache miss)
216 silly packumentCache corgi:https://registry.npmjs.org/readdirp set size:undefined disposed:false
217 http fetch GET 200 https://registry.npmjs.org/micromatch 95ms (cache miss)
218 silly packumentCache corgi:https://registry.npmjs.org/micromatch set size:undefined disposed:false
219 http fetch GET 200 https://registry.npmjs.org/@rollup%2fpluginutils 160ms (cache miss)
220 silly packumentCache corgi:https://registry.npmjs.org/@rollup%2fpluginutils set size:undefined disposed:false
221 http fetch GET 200 https://registry.npmjs.org/jest-util 189ms (cache miss)
222 silly packumentCache corgi:https://registry.npmjs.org/jest-util set size:undefined disposed:false
223 silly packumentCache corgi:https://registry.npmjs.org/tinyglobby cache-miss
224 silly packumentCache corgi:https://registry.npmjs.org/fdir cache-miss
225 http fetch GET 200 https://registry.npmjs.org/tinyglobby 47ms (cache miss)
226 silly packumentCache corgi:https://registry.npmjs.org/tinyglobby set size:undefined disposed:false
227 http fetch GET 200 https://registry.npmjs.org/fdir 75ms (cache miss)
228 silly packumentCache corgi:https://registry.npmjs.org/fdir set size:undefined disposed:false
229 silly packumentCache corgi:https://registry.npmjs.org/resolve-url-loader cache-miss
230 http fetch GET 200 https://registry.npmjs.org/resolve-url-loader 89ms (cache miss)
231 silly packumentCache corgi:https://registry.npmjs.org/resolve-url-loader set size:undefined disposed:false
232 silly packumentCache corgi:https://registry.npmjs.org/postcss-svgo cache-miss
233 http fetch GET 200 https://registry.npmjs.org/postcss-svgo 75ms (cache miss)
234 silly packumentCache corgi:https://registry.npmjs.org/postcss-svgo set size:undefined disposed:false
235 silly packumentCache corgi:https://registry.npmjs.org/@grpc%2fproto-loader cache-miss
236 http fetch GET 200 https://registry.npmjs.org/@grpc%2fproto-loader 97ms (cache miss)
237 silly packumentCache corgi:https://registry.npmjs.org/@grpc%2fproto-loader set size:undefined disposed:false
238 silly packumentCache corgi:https://registry.npmjs.org/body-parser cache-miss
239 http fetch GET 200 https://registry.npmjs.org/body-parser 65ms (cache miss)
240 silly packumentCache corgi:https://registry.npmjs.org/body-parser set size:undefined disposed:false
241 silly packumentCache corgi:https://registry.npmjs.org/react-router-dom cache-miss
242 http fetch GET 200 https://registry.npmjs.org/react-router-dom 294ms (cache miss)
243 silly packumentCache corgi:https://registry.npmjs.org/react-router-dom set size:undefined disposed:false
244 silly packumentCache corgi:https://registry.npmjs.org/@rollup%2fplugin-babel cache-miss
245 silly packumentCache corgi:https://registry.npmjs.org/@rollup%2fplugin-node-resolve cache-miss
246 silly packumentCache corgi:https://registry.npmjs.org/@rollup%2fplugin-replace cache-miss
247 silly packumentCache corgi:https://registry.npmjs.org/rollup-plugin-terser cache-miss
248 http fetch GET 200 https://registry.npmjs.org/rollup-plugin-terser 72ms (cache miss)
249 silly packumentCache corgi:https://registry.npmjs.org/rollup-plugin-terser set size:undefined disposed:false
250 http fetch GET 200 https://registry.npmjs.org/@rollup%2fplugin-replace 99ms (cache miss)
251 silly packumentCache corgi:https://registry.npmjs.org/@rollup%2fplugin-replace set size:undefined disposed:false
252 http fetch GET 200 https://registry.npmjs.org/@rollup%2fplugin-node-resolve 113ms (cache miss)
253 silly packumentCache corgi:https://registry.npmjs.org/@rollup%2fplugin-node-resolve set size:undefined disposed:false
254 http fetch GET 200 https://registry.npmjs.org/@rollup%2fplugin-babel 125ms (cache miss)
255 silly packumentCache corgi:https://registry.npmjs.org/@rollup%2fplugin-babel set size:undefined disposed:false
256 silly packumentCache corgi:https://registry.npmjs.org/css-minimizer-webpack-plugin cache-miss
257 silly packumentCache corgi:https://registry.npmjs.org/terser-webpack-plugin cache-miss
258 http fetch GET 200 https://registry.npmjs.org/css-minimizer-webpack-plugin 89ms (cache miss)
259 silly packumentCache corgi:https://registry.npmjs.org/css-minimizer-webpack-plugin set size:undefined disposed:false
260 http fetch GET 200 https://registry.npmjs.org/terser-webpack-plugin 120ms (cache miss)
261 silly packumentCache corgi:https://registry.npmjs.org/terser-webpack-plugin set size:undefined disposed:false
262 silly packumentCache corgi:https://registry.npmjs.org/socket.io-client cache-miss
263 http fetch GET 200 https://registry.npmjs.org/socket.io-client 86ms (cache miss)
264 silly packumentCache corgi:https://registry.npmjs.org/socket.io-client set size:undefined disposed:false
265 silly packumentCache corgi:https://registry.npmjs.org/cosmiconfig cache-miss
266 silly packumentCache corgi:https://registry.npmjs.org/cssnano cache-miss
267 http fetch GET 200 https://registry.npmjs.org/cosmiconfig 119ms (cache miss)
268 silly packumentCache corgi:https://registry.npmjs.org/cosmiconfig set size:undefined disposed:false
269 http fetch GET 200 https://registry.npmjs.org/cssnano 203ms (cache miss)
270 silly packumentCache corgi:https://registry.npmjs.org/cssnano set size:undefined disposed:false
271 silly packumentCache corgi:https://registry.npmjs.org/postcss-load-config cache-miss
272 http fetch GET 200 https://registry.npmjs.org/postcss-load-config 65ms (cache miss)
273 silly packumentCache corgi:https://registry.npmjs.org/postcss-load-config set size:undefined disposed:false
274 silly packumentCache corgi:https://registry.npmjs.org/@pmmmwh%2freact-refresh-webpack-plugin cache-miss
275 silly packumentCache corgi:https://registry.npmjs.org/babel-loader cache-miss
276 silly packumentCache corgi:https://registry.npmjs.org/css-loader cache-miss
277 silly packumentCache corgi:https://registry.npmjs.org/eslint-webpack-plugin cache-miss
278 silly packumentCache corgi:https://registry.npmjs.org/file-loader cache-miss
279 silly packumentCache corgi:https://registry.npmjs.org/mini-css-extract-plugin cache-miss
280 silly packumentCache corgi:https://registry.npmjs.org/postcss-loader cache-miss
281 silly packumentCache corgi:https://registry.npmjs.org/react-scripts cache-miss
282 silly packumentCache corgi:https://registry.npmjs.org/sass-loader cache-miss
283 silly packumentCache corgi:https://registry.npmjs.org/source-map-loader cache-miss
284 silly packumentCache corgi:https://registry.npmjs.org/style-loader cache-miss
285 silly packumentCache corgi:https://registry.npmjs.org/webpack-dev-middleware cache-miss
286 silly packumentCache corgi:https://registry.npmjs.org/webpack-manifest-plugin cache-miss
287 silly packumentCache corgi:https://registry.npmjs.org/workbox-webpack-plugin cache-miss
288 http fetch GET 200 https://registry.npmjs.org/file-loader 126ms (cache miss)
289 silly packumentCache corgi:https://registry.npmjs.org/file-loader set size:undefined disposed:false
290 http fetch GET 200 https://registry.npmjs.org/source-map-loader 130ms (cache miss)
291 silly packumentCache corgi:https://registry.npmjs.org/source-map-loader set size:undefined disposed:false
292 http fetch GET 200 https://registry.npmjs.org/postcss-loader 162ms (cache miss)
293 silly packumentCache corgi:https://registry.npmjs.org/postcss-loader set size:undefined disposed:false
294 http fetch GET 200 https://registry.npmjs.org/webpack-manifest-plugin 194ms (cache miss)
295 silly packumentCache corgi:https://registry.npmjs.org/webpack-manifest-plugin set size:undefined disposed:false
296 http fetch GET 200 https://registry.npmjs.org/react-scripts 324ms (cache miss)
297 silly packumentCache corgi:https://registry.npmjs.org/react-scripts set size:undefined disposed:false
298 http fetch GET 200 https://registry.npmjs.org/css-loader 347ms (cache miss)
299 silly packumentCache corgi:https://registry.npmjs.org/css-loader set size:undefined disposed:false
300 http fetch GET 200 https://registry.npmjs.org/eslint-webpack-plugin 351ms (cache miss)
301 silly packumentCache corgi:https://registry.npmjs.org/eslint-webpack-plugin set size:undefined disposed:false
302 http fetch GET 200 https://registry.npmjs.org/@pmmmwh%2freact-refresh-webpack-plugin 385ms (cache miss)
303 silly packumentCache corgi:https://registry.npmjs.org/@pmmmwh%2freact-refresh-webpack-plugin set size:undefined disposed:false
304 http fetch GET 200 https://registry.npmjs.org/babel-loader 409ms (cache miss)
305 silly packumentCache corgi:https://registry.npmjs.org/babel-loader set size:undefined disposed:false
306 http fetch GET 200 https://registry.npmjs.org/sass-loader 423ms (cache miss)
307 silly packumentCache corgi:https://registry.npmjs.org/sass-loader set size:undefined disposed:false
308 http fetch GET 200 https://registry.npmjs.org/style-loader 467ms (cache miss)
309 silly packumentCache corgi:https://registry.npmjs.org/style-loader set size:undefined disposed:false
310 http fetch GET 200 https://registry.npmjs.org/webpack-dev-middleware 490ms (cache miss)
311 silly packumentCache corgi:https://registry.npmjs.org/webpack-dev-middleware set size:undefined disposed:false
312 http fetch GET 200 https://registry.npmjs.org/mini-css-extract-plugin 533ms (cache miss)
313 silly packumentCache corgi:https://registry.npmjs.org/mini-css-extract-plugin set size:undefined disposed:false
314 http fetch GET 200 https://registry.npmjs.org/workbox-webpack-plugin 537ms (cache miss)
315 silly packumentCache corgi:https://registry.npmjs.org/workbox-webpack-plugin set size:undefined disposed:false
316 silly packumentCache corgi:https://registry.npmjs.org/jsdom cache-miss
317 http fetch GET 200 https://registry.npmjs.org/jsdom 125ms (cache miss)
318 silly packumentCache corgi:https://registry.npmjs.org/jsdom set size:undefined disposed:false
319 silly packumentCache corgi:https://registry.npmjs.org/jest-environment-jsdom cache-miss
320 http fetch GET 200 https://registry.npmjs.org/jest-environment-jsdom 159ms (cache miss)
321 silly packumentCache corgi:https://registry.npmjs.org/jest-environment-jsdom set size:undefined disposed:false
322 silly packumentCache corgi:https://registry.npmjs.org/@svgr%2fplugin-svgo cache-miss
323 http fetch GET 200 https://registry.npmjs.org/@svgr%2fplugin-svgo 72ms (cache miss)
324 silly packumentCache corgi:https://registry.npmjs.org/@svgr%2fplugin-svgo set size:undefined disposed:false
325 silly packumentCache corgi:https://registry.npmjs.org/jest-config cache-miss
326 silly packumentCache corgi:https://registry.npmjs.org/jest-runner cache-miss
327 http fetch GET 200 https://registry.npmjs.org/jest-runner 279ms (cache miss)
328 silly packumentCache corgi:https://registry.npmjs.org/jest-runner set size:undefined disposed:false
329 http fetch GET 200 https://registry.npmjs.org/jest-config 320ms (cache miss)
330 silly packumentCache corgi:https://registry.npmjs.org/jest-config set size:undefined disposed:false
331 silly packumentCache corgi:https://registry.npmjs.org/@svgr%2fwebpack cache-miss
332 http fetch GET 200 https://registry.npmjs.org/@svgr%2fwebpack 80ms (cache miss)
333 silly packumentCache corgi:https://registry.npmjs.org/@svgr%2fwebpack set size:undefined disposed:false
334 silly packumentCache corgi:https://registry.npmjs.org/@jest%2fcore cache-miss
335 http fetch GET 200 https://registry.npmjs.org/@jest%2fcore 187ms (cache miss)
336 silly packumentCache corgi:https://registry.npmjs.org/@jest%2fcore set size:undefined disposed:false
337 silly packumentCache corgi:https://registry.npmjs.org/jest-cli cache-miss
338 http fetch GET 200 https://registry.npmjs.org/jest-cli 235ms (cache miss)
339 silly packumentCache corgi:https://registry.npmjs.org/jest-cli set size:undefined disposed:false
340 silly packumentCache corgi:https://registry.npmjs.org/jest cache-miss
341 http fetch GET 200 https://registry.npmjs.org/jest 192ms (cache miss)
342 silly packumentCache corgi:https://registry.npmjs.org/jest set size:undefined disposed:false
343 silly packumentCache corgi:https://registry.npmjs.org/jest-watch-typeahead cache-miss
344 http fetch GET 200 https://registry.npmjs.org/jest-watch-typeahead 71ms (cache miss)
345 silly packumentCache corgi:https://registry.npmjs.org/jest-watch-typeahead set size:undefined disposed:false
346 silly ADD node_modules/@tanstack/query-core
347 silly ADD node_modules/sonner
348 silly ADD node_modules/@tanstack/react-query
349 verbose cwd /Users/rajatsrivastava/Desktop/developer/VastuZone/vastuzone-frontend
350 verbose os Darwin 25.0.0
351 verbose node v22.19.0
352 verbose npm  v10.9.3
353 notice
353 notice New [31mmajor[39m version of npm available! [31m10.9.3[39m -> [34m11.12.1[39m
353 notice Changelog: [34mhttps://github.com/npm/cli/releases/tag/v11.12.1[39m
353 notice To update run: [4mnpm install -g npm@11.12.1[24m
353 notice  { force: true, [Symbol(proc-log.meta)]: true }
354 verbose exit 0
355 info ok
